-- VERSION:0.4 --SDATE:18/04/2015 --DESC:ADDED DATA'S IN MACHINERY/EQUIPMENT TRANSFER,MACHINERY USAGE,FITTINGS USAGE,MATERIAL USAGE TABLE--DONE BY:RL
-- VERSION:0.3 --SDATE:07/04/2015 --EDATE:07/04/2015 --DESC: CHANGED CONFIGURATION,USER_RIGHTS-CON--DONE BY:RL

-- VERSION:0.2 --SDATE:16/03/2015 --EDATE:16/03/2015 --DESC: DONE SOME CHANGES IN USER RIGHTS DOMAIN , ADDED LMC_EMPLOYEE_ATTACHMENT_DTLS IN TICKLER_TABID_PROFILE_TABLE, ADDED TEAM NAME & MEETING TOPIC CONFIGURATION TABLE --DONE BY:RL

DROP PROCEDURE IF EXISTS SP_LMC_INITAILIZATION_TABLE_INSERTION;
CREATE PROCEDURE SP_LMC_INITAILIZATION_TABLE_INSERTION(
OUT SUCCESS_MESSAGE TEXT)

BEGIN	

-- QUERY FOR ROLLBACK COMMAND
	DECLARE EXIT HANDLER FOR SQLEXCEPTION
	BEGIN 
	SET SUCCESS_MESSAGE=0;
	END;
	START TRANSACTION;

	SET FOREIGN_KEY_CHECKS = 0;
	SET SUCCESS_MESSAGE=0;
	SET AUTOCOMMIT=0;

-- USER_LOGIN_DETAILS
	TRUNCATE LMC_USER_LOGIN_DETAILS;
	INSERT INTO LMC_USER_LOGIN_DETAILS(ULD_USERNAME,ULD_PASSWORD,RC_ID,ULD_WORKER_NAME,ULD_WORKER_NO,
	ULD_IMAGE_FOLDER_ID,ULD_DOC_FOLDER_ID,ULD_USERSTAMP,ULD_EMAIL_ID,ULD_ADDRESS,ULD_NRIC_NO,ULD_MOBILE_NUMBER ) VALUES 
	('lmc','TE1DMTIzNDU=',2,'TEST','W001','LMC_TEST20150317_093635','LMC_TEST20150317_093635',1,
	'abc@gmail.com','SINGAPORE','S6093155B','73738399');

-- LMC_MENU_PROFILE
	TRUNCATE LMC_MENU_PROFILE;
	INSERT INTO LMC_MENU_PROFILE(MP_ID,MP_MNAME,MP_MSUB,MP_MSUBMENU,MP_MFILENAME,MP_SCRIPT_FLAG) VALUES 
	('1','WORKER PROFILE','CREATE NEW WORKER',null,'FORM_WORKER_PROFILE_LOGIN_CREATION',null);
	INSERT INTO LMC_MENU_PROFILE(MP_ID,MP_MNAME,MP_MSUB,MP_MSUBMENU,MP_MFILENAME,MP_SCRIPT_FLAG) VALUES 
	('2','WORKER PROFILE','UPDATE WORKER',null,'FORM_WORKER_PROFILE_UPDATION',null);
	INSERT INTO LMC_MENU_PROFILE(MP_ID,MP_MNAME,MP_MSUB,MP_MSUBMENU,MP_MFILENAME,MP_SCRIPT_FLAG) VALUES 
	('3','WORKER PROFILE',null,null,'FORM_WORKER_PROFILE_SEARCH',null);
	INSERT INTO LMC_MENU_PROFILE(MP_ID,MP_MNAME,MP_MSUB,MP_MSUBMENU,MP_MFILENAME,MP_SCRIPT_FLAG) VALUES 
	('4','REPORT SUBMISSION','ENTRY',null,'FORM_PERMITS_ENTRY',null);
	INSERT INTO LMC_MENU_PROFILE(MP_ID,MP_MNAME,MP_MSUB,MP_MSUBMENU,MP_MFILENAME,MP_SCRIPT_FLAG) VALUES
	('5','REPORT SUBMISSION','SEARCH',null,'FORM_PERMITS_SEARCH',null);
	INSERT INTO LMC_MENU_PROFILE(MP_ID,MP_MNAME,MP_MSUB,MP_MSUBMENU,MP_MFILENAME,MP_SCRIPT_FLAG) VALUES 
	('6','REPORT SUBMISSION','UPDATE',null,'FORM_PERMITS_UPDATE',null);
	INSERT INTO LMC_MENU_PROFILE(MP_ID,MP_MNAME,MP_MSUB,MP_MSUBMENU,MP_MFILENAME,MP_SCRIPT_FLAG) VALUES 
	('7','ACCIDENT','ENTRY',null,'FORM_ACCIDENT_ENTRY',null);
	INSERT INTO LMC_MENU_PROFILE(MP_ID,MP_MNAME,MP_MSUB,MP_MSUBMENU,MP_MFILENAME,MP_SCRIPT_FLAG) VALUES 
	('8','ACCIDENT','SEARCH UPDATE',null,'FORM_ACCIDENT_SEARCH_UPDATE',null);
	INSERT INTO LMC_MENU_PROFILE(MP_ID,MP_MNAME,MP_MSUB,MP_MSUBMENU,MP_MFILENAME,MP_SCRIPT_FLAG) VALUES
	('9','DOCUMENTATION','ENTRY',null,'FORM_DOCUMENTATION_ENTRY',null);
	INSERT INTO LMC_MENU_PROFILE(MP_ID,MP_MNAME,MP_MSUB,MP_MSUBMENU,MP_MFILENAME,MP_SCRIPT_FLAG) VALUES
	('10','DOCUMENTATION','SEARCH UPDATE',null,'FORM_DOCUMENTATION_SEARCH_UPDATE',null);
	INSERT INTO LMC_MENU_PROFILE(MP_ID,MP_MNAME,MP_MSUB,MP_MSUBMENU,MP_MFILENAME,MP_SCRIPT_FLAG) VALUES 
	('11','WORKER PROFILE','AUDIT','AUDIT HISTORY','FORM_AUDIT_AUDIT_HISTORY',null);
	INSERT INTO LMC_MENU_PROFILE(MP_ID,MP_MNAME,MP_MSUB,MP_MSUBMENU,MP_MFILENAME,MP_SCRIPT_FLAG) VALUES
	('12','WORKER PROFILE','EMAIL','ENTRY','FORM_EMAIL_ENTRY',null);
	INSERT INTO LMC_MENU_PROFILE(MP_ID,MP_MNAME,MP_MSUB,MP_MSUBMENU,MP_MFILENAME,MP_SCRIPT_FLAG) VALUES 
	('13','WORKER PROFILE','EMAIL','SEARCH UPDATE','FORM_EMAIL_SEARCH_UPDATE',null);
	INSERT INTO LMC_MENU_PROFILE(MP_ID,MP_MNAME,MP_MSUB,MP_MSUBMENU,MP_MFILENAME,MP_SCRIPT_FLAG) VALUES 
	('14','WORKER PROFILE','SETTINGS','ENTRY','FORM_CONFIGURATION_ENTRY',null);
	INSERT INTO LMC_MENU_PROFILE(MP_ID,MP_MNAME,MP_MSUB,MP_MSUBMENU,MP_MFILENAME,MP_SCRIPT_FLAG) VALUES 
	('15','WORKER PROFILE','SETTINGS','VIEW UPDATE','FORM_CONFIGURATION_SEARCH_UPDATE',null);
	INSERT INTO LMC_MENU_PROFILE(MP_ID,MP_MNAME,MP_MSUB,MP_MSUBMENU,MP_MFILENAME,MP_SCRIPT_FLAG) VALUES 
	('16','WORKER PROFILE','TEAM ASSIGN',null,'FORM_TEAM_ASSIGN',null);
	INSERT INTO LMC_MENU_PROFILE(MP_ID,MP_MNAME,MP_MSUB,MP_MSUBMENU,MP_MFILENAME,MP_SCRIPT_FLAG) VALUES 
	('17','DOCUMENTATION',null,null,'FORM_DOCUMENTATION_SEARCH',null);

-- LMC_ROLE_CREATION
	TRUNCATE LMC_ROLE_CREATION;
	INSERT INTO LMC_ROLE_CREATION(RC_ID,URC_ID,RC_NAME) VALUES ('1','1','ADMIN');
	INSERT INTO LMC_ROLE_CREATION(RC_ID,URC_ID,RC_NAME) VALUES ('2','2','SUPER ADMIN');
	INSERT INTO LMC_ROLE_CREATION(RC_ID,URC_ID,RC_NAME) VALUES ('3','3','USER');

-- LMC_USER_MENU_DETAILS
	TRUNCATE LMC_USER_MENU_DETAILS;
	INSERT INTO LMC_USER_MENU_DETAILS(UMD_ID,MP_ID,RC_ID,ULD_ID) VALUES ('1','1','1','1');
	INSERT INTO LMC_USER_MENU_DETAILS(UMD_ID,MP_ID,RC_ID,ULD_ID) VALUES ('2','2','1','1');
	INSERT INTO LMC_USER_MENU_DETAILS(UMD_ID,MP_ID,RC_ID,ULD_ID) VALUES ('3','4','1','1');
	INSERT INTO LMC_USER_MENU_DETAILS(UMD_ID,MP_ID,RC_ID,ULD_ID) VALUES ('4','5','1','1');
	INSERT INTO LMC_USER_MENU_DETAILS(UMD_ID,MP_ID,RC_ID,ULD_ID) VALUES ('5','6','1','1');
	INSERT INTO LMC_USER_MENU_DETAILS(UMD_ID,MP_ID,RC_ID,ULD_ID) VALUES ('6','7','1','1');
	INSERT INTO LMC_USER_MENU_DETAILS(UMD_ID,MP_ID,RC_ID,ULD_ID) VALUES ('7','8','1','1');
	INSERT INTO LMC_USER_MENU_DETAILS(UMD_ID,MP_ID,RC_ID,ULD_ID) VALUES ('8','9','1','1');
	INSERT INTO LMC_USER_MENU_DETAILS(UMD_ID,MP_ID,RC_ID,ULD_ID) VALUES ('9','10','1','1');
	INSERT INTO LMC_USER_MENU_DETAILS(UMD_ID,MP_ID,RC_ID,ULD_ID) VALUES ('10','11','1','1');
	INSERT INTO LMC_USER_MENU_DETAILS(UMD_ID,MP_ID,RC_ID,ULD_ID) VALUES ('11','12','1','1');
	INSERT INTO LMC_USER_MENU_DETAILS(UMD_ID,MP_ID,RC_ID,ULD_ID) VALUES ('12','13','1','1');
	INSERT INTO LMC_USER_MENU_DETAILS(UMD_ID,MP_ID,RC_ID,ULD_ID) VALUES ('13','14','1','1');
	INSERT INTO LMC_USER_MENU_DETAILS(UMD_ID,MP_ID,RC_ID,ULD_ID) VALUES ('14','15','1','1');
	INSERT INTO LMC_USER_MENU_DETAILS(UMD_ID,MP_ID,RC_ID,ULD_ID) VALUES ('15','16','1','1');
	INSERT INTO LMC_USER_MENU_DETAILS(UMD_ID,MP_ID,RC_ID,ULD_ID) VALUES ('16','1','2','1');
	INSERT INTO LMC_USER_MENU_DETAILS(UMD_ID,MP_ID,RC_ID,ULD_ID) VALUES ('17','2','2','1');
	INSERT INTO LMC_USER_MENU_DETAILS(UMD_ID,MP_ID,RC_ID,ULD_ID) VALUES ('18','4','2','1');
	INSERT INTO LMC_USER_MENU_DETAILS(UMD_ID,MP_ID,RC_ID,ULD_ID) VALUES ('19','5','2','1');
	INSERT INTO LMC_USER_MENU_DETAILS(UMD_ID,MP_ID,RC_ID,ULD_ID) VALUES ('20','6','2','1');
	INSERT INTO LMC_USER_MENU_DETAILS(UMD_ID,MP_ID,RC_ID,ULD_ID) VALUES ('21','7','2','1');
	INSERT INTO LMC_USER_MENU_DETAILS(UMD_ID,MP_ID,RC_ID,ULD_ID) VALUES ('22','8','2','1');
	INSERT INTO LMC_USER_MENU_DETAILS(UMD_ID,MP_ID,RC_ID,ULD_ID) VALUES ('23','9','2','1');
	INSERT INTO LMC_USER_MENU_DETAILS(UMD_ID,MP_ID,RC_ID,ULD_ID) VALUES ('24','10','2','1');
	INSERT INTO LMC_USER_MENU_DETAILS(UMD_ID,MP_ID,RC_ID,ULD_ID) VALUES ('25','11','2','1');
	INSERT INTO LMC_USER_MENU_DETAILS(UMD_ID,MP_ID,RC_ID,ULD_ID) VALUES ('26','12','2','1');
	INSERT INTO LMC_USER_MENU_DETAILS(UMD_ID,MP_ID,RC_ID,ULD_ID) VALUES ('27','13','2','1');
	INSERT INTO LMC_USER_MENU_DETAILS(UMD_ID,MP_ID,RC_ID,ULD_ID) VALUES ('28','14','2','1');
	INSERT INTO LMC_USER_MENU_DETAILS(UMD_ID,MP_ID,RC_ID,ULD_ID) VALUES ('29','15','2','1');
	INSERT INTO LMC_USER_MENU_DETAILS(UMD_ID,MP_ID,RC_ID,ULD_ID) VALUES ('30','16','2','1');
	INSERT INTO LMC_USER_MENU_DETAILS(UMD_ID,MP_ID,RC_ID,ULD_ID) VALUES ('31','5','3','1');
	INSERT INTO LMC_USER_MENU_DETAILS(UMD_ID,MP_ID,RC_ID,ULD_ID) VALUES ('32','4','3','1');
	INSERT INTO LMC_USER_MENU_DETAILS(UMD_ID,MP_ID,RC_ID,ULD_ID) VALUES ('33','7','3','1');
	INSERT INTO LMC_USER_MENU_DETAILS(UMD_ID,MP_ID,RC_ID,ULD_ID) VALUES ('34','8','3','1');
	INSERT INTO LMC_USER_MENU_DETAILS(UMD_ID,MP_ID,RC_ID,ULD_ID) VALUES ('35','17','3','1');
	INSERT INTO LMC_USER_MENU_DETAILS(UMD_ID,MP_ID,RC_ID,ULD_ID) VALUES ('36','3','3','1');

-- LMC_BASIC_ROLE_PROFILE
	TRUNCATE LMC_BASIC_ROLE_PROFILE;
	INSERT INTO LMC_BASIC_ROLE_PROFILE(BRP_ID,URC_ID,BRP_BR_ID,ULD_ID) VALUES ('1','1','1','1');
	INSERT INTO LMC_BASIC_ROLE_PROFILE(BRP_ID,URC_ID,BRP_BR_ID,ULD_ID) VALUES ('2','1','2','1');
	INSERT INTO LMC_BASIC_ROLE_PROFILE(BRP_ID,URC_ID,BRP_BR_ID,ULD_ID) VALUES ('3','1','3','1');
	INSERT INTO LMC_BASIC_ROLE_PROFILE(BRP_ID,URC_ID,BRP_BR_ID,ULD_ID) VALUES ('4','2','1','1');
	INSERT INTO LMC_BASIC_ROLE_PROFILE(BRP_ID,URC_ID,BRP_BR_ID,ULD_ID) VALUES ('5','2','2','1');
	INSERT INTO LMC_BASIC_ROLE_PROFILE(BRP_ID,URC_ID,BRP_BR_ID,ULD_ID) VALUES ('6','2','3','1');
	INSERT INTO LMC_BASIC_ROLE_PROFILE(BRP_ID,URC_ID,BRP_BR_ID,ULD_ID) VALUES ('7','3','3','1');

-- LMC_BASIC_MENU_PROFILE
	TRUNCATE LMC_BASIC_MENU_PROFILE;
	INSERT INTO LMC_BASIC_MENU_PROFILE(BMP_ID,URC_ID,MP_ID,ULD_ID) VALUES ('1','1','1','1');
	INSERT INTO LMC_BASIC_MENU_PROFILE(BMP_ID,URC_ID,MP_ID,ULD_ID) VALUES ('2','1','2','1');
	INSERT INTO LMC_BASIC_MENU_PROFILE(BMP_ID,URC_ID,MP_ID,ULD_ID) VALUES ('3','1','3','1');
	INSERT INTO LMC_BASIC_MENU_PROFILE(BMP_ID,URC_ID,MP_ID,ULD_ID) VALUES ('4','1','4','1');
	INSERT INTO LMC_BASIC_MENU_PROFILE(BMP_ID,URC_ID,MP_ID,ULD_ID) VALUES ('5','1','5','1');
	INSERT INTO LMC_BASIC_MENU_PROFILE(BMP_ID,URC_ID,MP_ID,ULD_ID) VALUES ('6','1','6','1');
	INSERT INTO LMC_BASIC_MENU_PROFILE(BMP_ID,URC_ID,MP_ID,ULD_ID) VALUES ('7','1','7','1');
	INSERT INTO LMC_BASIC_MENU_PROFILE(BMP_ID,URC_ID,MP_ID,ULD_ID) VALUES ('8','1','8','1');
	INSERT INTO LMC_BASIC_MENU_PROFILE(BMP_ID,URC_ID,MP_ID,ULD_ID) VALUES ('9','1','9','1');
	INSERT INTO LMC_BASIC_MENU_PROFILE(BMP_ID,URC_ID,MP_ID,ULD_ID) VALUES ('10','1','10','1');
	INSERT INTO LMC_BASIC_MENU_PROFILE(BMP_ID,URC_ID,MP_ID,ULD_ID) VALUES ('11','1','11','1');
	INSERT INTO LMC_BASIC_MENU_PROFILE(BMP_ID,URC_ID,MP_ID,ULD_ID) VALUES ('12','1','12','1');
	INSERT INTO LMC_BASIC_MENU_PROFILE(BMP_ID,URC_ID,MP_ID,ULD_ID) VALUES ('13','1','13','1');
	INSERT INTO LMC_BASIC_MENU_PROFILE(BMP_ID,URC_ID,MP_ID,ULD_ID) VALUES ('14','1','14','1');
	INSERT INTO LMC_BASIC_MENU_PROFILE(BMP_ID,URC_ID,MP_ID,ULD_ID) VALUES ('15','1','15','1');
	INSERT INTO LMC_BASIC_MENU_PROFILE(BMP_ID,URC_ID,MP_ID,ULD_ID) VALUES ('16','1','16','1');
	INSERT INTO LMC_BASIC_MENU_PROFILE(BMP_ID,URC_ID,MP_ID,ULD_ID) VALUES ('17','1','17','1');
	INSERT INTO LMC_BASIC_MENU_PROFILE(BMP_ID,URC_ID,MP_ID,ULD_ID) VALUES ('18','2','1','1');
	INSERT INTO LMC_BASIC_MENU_PROFILE(BMP_ID,URC_ID,MP_ID,ULD_ID) VALUES ('19','2','2','1');
	INSERT INTO LMC_BASIC_MENU_PROFILE(BMP_ID,URC_ID,MP_ID,ULD_ID) VALUES ('20','2','3','1');
	INSERT INTO LMC_BASIC_MENU_PROFILE(BMP_ID,URC_ID,MP_ID,ULD_ID) VALUES ('21','2','4','1');
	INSERT INTO LMC_BASIC_MENU_PROFILE(BMP_ID,URC_ID,MP_ID,ULD_ID) VALUES ('22','2','5','1');
	INSERT INTO LMC_BASIC_MENU_PROFILE(BMP_ID,URC_ID,MP_ID,ULD_ID) VALUES ('23','2','6','1');
	INSERT INTO LMC_BASIC_MENU_PROFILE(BMP_ID,URC_ID,MP_ID,ULD_ID) VALUES ('24','2','7','1');
	INSERT INTO LMC_BASIC_MENU_PROFILE(BMP_ID,URC_ID,MP_ID,ULD_ID) VALUES ('25','2','8','1');
	INSERT INTO LMC_BASIC_MENU_PROFILE(BMP_ID,URC_ID,MP_ID,ULD_ID) VALUES ('26','2','9','1');
	INSERT INTO LMC_BASIC_MENU_PROFILE(BMP_ID,URC_ID,MP_ID,ULD_ID) VALUES ('27','2','10','1');
	INSERT INTO LMC_BASIC_MENU_PROFILE(BMP_ID,URC_ID,MP_ID,ULD_ID) VALUES ('28','2','11','1');
	INSERT INTO LMC_BASIC_MENU_PROFILE(BMP_ID,URC_ID,MP_ID,ULD_ID) VALUES ('29','2','12','1');
	INSERT INTO LMC_BASIC_MENU_PROFILE(BMP_ID,URC_ID,MP_ID,ULD_ID) VALUES ('30','2','13','1');
	INSERT INTO LMC_BASIC_MENU_PROFILE(BMP_ID,URC_ID,MP_ID,ULD_ID) VALUES ('31','2','14','1');
	INSERT INTO LMC_BASIC_MENU_PROFILE(BMP_ID,URC_ID,MP_ID,ULD_ID) VALUES ('32','2','15','1');
	INSERT INTO LMC_BASIC_MENU_PROFILE(BMP_ID,URC_ID,MP_ID,ULD_ID) VALUES ('33','2','16','1');
	INSERT INTO LMC_BASIC_MENU_PROFILE(BMP_ID,URC_ID,MP_ID,ULD_ID) VALUES ('34','2','17','1');
	INSERT INTO LMC_BASIC_MENU_PROFILE(BMP_ID,URC_ID,MP_ID,ULD_ID) VALUES ('35','3','1','1');
	INSERT INTO LMC_BASIC_MENU_PROFILE(BMP_ID,URC_ID,MP_ID,ULD_ID) VALUES ('36','3','2','1');
	INSERT INTO LMC_BASIC_MENU_PROFILE(BMP_ID,URC_ID,MP_ID,ULD_ID) VALUES ('37','3','3','1');
	INSERT INTO LMC_BASIC_MENU_PROFILE(BMP_ID,URC_ID,MP_ID,ULD_ID) VALUES ('38','3','4','1');
	INSERT INTO LMC_BASIC_MENU_PROFILE(BMP_ID,URC_ID,MP_ID,ULD_ID) VALUES ('39','3','5','1');
	INSERT INTO LMC_BASIC_MENU_PROFILE(BMP_ID,URC_ID,MP_ID,ULD_ID) VALUES ('40','3','6','1');
	INSERT INTO LMC_BASIC_MENU_PROFILE(BMP_ID,URC_ID,MP_ID,ULD_ID) VALUES ('41','3','7','1');
	INSERT INTO LMC_BASIC_MENU_PROFILE(BMP_ID,URC_ID,MP_ID,ULD_ID) VALUES ('42','3','8','1');
	INSERT INTO LMC_BASIC_MENU_PROFILE(BMP_ID,URC_ID,MP_ID,ULD_ID) VALUES ('43','3','9','1');
	INSERT INTO LMC_BASIC_MENU_PROFILE(BMP_ID,URC_ID,MP_ID,ULD_ID) VALUES ('44','3','10','1');
	INSERT INTO LMC_BASIC_MENU_PROFILE(BMP_ID,URC_ID,MP_ID,ULD_ID) VALUES ('45','3','11','1');
	INSERT INTO LMC_BASIC_MENU_PROFILE(BMP_ID,URC_ID,MP_ID,ULD_ID) VALUES ('46','3','12','1');
	INSERT INTO LMC_BASIC_MENU_PROFILE(BMP_ID,URC_ID,MP_ID,ULD_ID) VALUES ('47','3','13','1');
	INSERT INTO LMC_BASIC_MENU_PROFILE(BMP_ID,URC_ID,MP_ID,ULD_ID) VALUES ('48','3','14','1');
	INSERT INTO LMC_BASIC_MENU_PROFILE(BMP_ID,URC_ID,MP_ID,ULD_ID) VALUES ('49','3','15','1');
	INSERT INTO LMC_BASIC_MENU_PROFILE(BMP_ID,URC_ID,MP_ID,ULD_ID) VALUES ('50','3','16','1');
	INSERT INTO LMC_BASIC_MENU_PROFILE(BMP_ID,URC_ID,MP_ID,ULD_ID) VALUES ('51','3','17','1');

-- LMC_CONFIGURATION_PROFILE
	TRUNCATE LMC_CONFIGURATION_PROFILE;
	INSERT INTO LMC_CONFIGURATION_PROFILE(CNP_ID,CNP_DATA) VALUES ('1','GENERAL');
	INSERT INTO LMC_CONFIGURATION_PROFILE(CNP_ID,CNP_DATA) VALUES ('2','REPORTS');
	INSERT INTO LMC_CONFIGURATION_PROFILE(CNP_ID,CNP_DATA) VALUES ('3','USER RIGHTS');

-- LMC_CONFIGURATION
	TRUNCATE LMC_CONFIGURATION;
	INSERT INTO LMC_CONFIGURATION(CGN_ID,CNP_ID,CGN_TYPE,CGN_NON_IP_FLAG) VALUES ('1','3','ACCESS RIGHTS ROLES','XX');
	INSERT INTO LMC_CONFIGURATION(CGN_ID,CNP_ID,CGN_TYPE,CGN_NON_IP_FLAG) VALUES ('2','3','TEMP TABLE TO','X');
	INSERT INTO LMC_CONFIGURATION(CGN_ID,CNP_ID,CGN_TYPE,CGN_NON_IP_FLAG) VALUES ('3','3','TEMP TABLE CC','X');
	INSERT INTO LMC_CONFIGURATION(CGN_ID,CNP_ID,CGN_TYPE,CGN_NON_IP_FLAG) VALUES ('4','3','EMAIL SERVER IP','X');
	INSERT INTO LMC_CONFIGURATION(CGN_ID,CNP_ID,CGN_TYPE,CGN_NON_IP_FLAG) VALUES ('5','3','COMPANY START DATE','XX');
	INSERT INTO LMC_CONFIGURATION(CGN_ID,CNP_ID,CGN_TYPE,CGN_NON_IP_FLAG) VALUES ('6','3','IMAGE FOLDER NAME','XX');
	INSERT INTO LMC_CONFIGURATION(CGN_ID,CNP_ID,CGN_TYPE,CGN_NON_IP_FLAG) VALUES ('7','3','DOCUMENT FOLDER NAME','X');
	INSERT INTO LMC_CONFIGURATION(CGN_ID,CNP_ID,CGN_TYPE,CGN_NON_IP_FLAG) VALUES ('8','3','PORT NO','X');
	INSERT INTO LMC_CONFIGURATION(CGN_ID,CNP_ID,CGN_TYPE,CGN_NON_IP_FLAG) VALUES ('9','3','SENDER MAIL','X');
	INSERT INTO LMC_CONFIGURATION(CGN_ID,CNP_ID,CGN_TYPE,CGN_NON_IP_FLAG) VALUES ('10','3','PASSWORD','X');
	INSERT INTO LMC_CONFIGURATION(CGN_ID,CNP_ID,CGN_TYPE,CGN_NON_IP_FLAG) VALUES ('11','3','SMTP SECURE','X');
	INSERT INTO LMC_CONFIGURATION(CGN_ID,CNP_ID,CGN_TYPE,CGN_NON_IP_FLAG) VALUES ('12','3','HOST','X');
	INSERT INTO LMC_CONFIGURATION(CGN_ID,CNP_ID,CGN_TYPE,CGN_NON_IP_FLAG) VALUES ('13','2','TEAM NAME',NULL);
	INSERT INTO LMC_CONFIGURATION(CGN_ID,CNP_ID,CGN_TYPE,CGN_NON_IP_FLAG) VALUES ('14','2','MEETING TOPIC',NULL);
	INSERT INTO LMC_CONFIGURATION(CGN_ID,CNP_ID,CGN_TYPE,CGN_NON_IP_FLAG) VALUES ('15','2','REPORT DOCUMENT FOLDER NAME','XX');
	INSERT INTO LMC_CONFIGURATION(CGN_ID,CNP_ID,CGN_TYPE,CGN_NON_IP_FLAG) VALUES ('16','2','DOCUMENT CATEGORY',NULL);
	INSERT INTO LMC_CONFIGURATION(CGN_ID,CNP_ID,CGN_TYPE,CGN_NON_IP_FLAG) VALUES ('17','2','MACHINERY/EQUIPMENT TRANSFER',NULL);
	INSERT INTO LMC_CONFIGURATION(CGN_ID,CNP_ID,CGN_TYPE,CGN_NON_IP_FLAG) VALUES ('18','2','MACHINERY USAGE',NULL);
	INSERT INTO LMC_CONFIGURATION(CGN_ID,CNP_ID,CGN_TYPE,CGN_NON_IP_FLAG) VALUES ('19','2','FITTINGS USAGE',NULL);
	INSERT INTO LMC_CONFIGURATION(CGN_ID,CNP_ID,CGN_TYPE,CGN_NON_IP_FLAG) VALUES ('20','2','MATERIAL USAGE',NULL);

-- LMC_USER_RIGHTS_CONFIGURATION
	TRUNCATE LMC_USER_RIGHTS_CONFIGURATION;
	INSERT INTO LMC_USER_RIGHTS_CONFIGURATION(URC_ID,CGN_ID,URC_DATA,URC_USERSTAMP,URC_INITIALIZE_FLAG) VALUES 
	('1','1','ADMIN','lmc','X');
	INSERT INTO LMC_USER_RIGHTS_CONFIGURATION(URC_ID,CGN_ID,URC_DATA,URC_USERSTAMP,URC_INITIALIZE_FLAG) VALUES
	('2','1','SUPER ADMIN','lmc','X');
	INSERT INTO LMC_USER_RIGHTS_CONFIGURATION(URC_ID,CGN_ID,URC_DATA,URC_USERSTAMP,URC_INITIALIZE_FLAG) VALUES
	('3','1','USER','lmc','X');
	INSERT INTO LMC_USER_RIGHTS_CONFIGURATION(URC_ID,CGN_ID,URC_DATA,URC_USERSTAMP,URC_INITIALIZE_FLAG) VALUES
	('4','5','2014-01-01','lmc','X');
	INSERT INTO LMC_USER_RIGHTS_CONFIGURATION(URC_ID,CGN_ID,URC_DATA,URC_USERSTAMP,URC_INITIALIZE_FLAG) VALUES
	('5','6','LMC_REPORT_IMAGE','lmc','X');
	INSERT INTO LMC_USER_RIGHTS_CONFIGURATION(URC_ID,CGN_ID,URC_DATA,URC_USERSTAMP,URC_INITIALIZE_FLAG) VALUES
	('6','7','LMC_DOCUMENT','lmc','X');
	INSERT INTO LMC_USER_RIGHTS_CONFIGURATION(URC_ID,CGN_ID,URC_DATA,URC_USERSTAMP,URC_INITIALIZE_FLAG) VALUES
	('7','4','localhost','lmc','X');
	INSERT INTO LMC_USER_RIGHTS_CONFIGURATION(URC_ID,CGN_ID,URC_DATA,URC_USERSTAMP,URC_INITIALIZE_FLAG) VALUES
	('8','8','3306','lmc','X');
	INSERT INTO LMC_USER_RIGHTS_CONFIGURATION(URC_ID,CGN_ID,URC_DATA,URC_USERSTAMP,URC_INITIALIZE_FLAG) VALUES
	('9','2','dhandapani.sattanathan@ssomens.com','lmc','X');
	INSERT INTO LMC_USER_RIGHTS_CONFIGURATION(URC_ID,CGN_ID,URC_DATA,URC_USERSTAMP,URC_INITIALIZE_FLAG) VALUES
	('10','3','dhandapani.sattanathan@ssomens.com','lmc','X');
	INSERT INTO LMC_USER_RIGHTS_CONFIGURATION(URC_ID,CGN_ID,URC_DATA,URC_USERSTAMP,URC_INITIALIZE_FLAG) VALUES
	('11','9','safiyullah84@gmail.com','lmc','X');
	INSERT INTO LMC_USER_RIGHTS_CONFIGURATION(URC_ID,CGN_ID,URC_DATA,URC_USERSTAMP,URC_INITIALIZE_FLAG) VALUES
	('12','10','safi984151','lmc','X');
	INSERT INTO LMC_USER_RIGHTS_CONFIGURATION(URC_ID,CGN_ID,URC_DATA,URC_USERSTAMP,URC_INITIALIZE_FLAG) VALUES
	('13','11','tls','lmc','X');
	INSERT INTO LMC_USER_RIGHTS_CONFIGURATION(URC_ID,CGN_ID,URC_DATA,URC_USERSTAMP,URC_INITIALIZE_FLAG) VALUES
	('14','12','smtp.gmail.com','lmc','X');
	INSERT INTO LMC_USER_RIGHTS_CONFIGURATION(URC_ID,CGN_ID,URC_DATA,URC_USERSTAMP,URC_INITIALIZE_FLAG) VALUES
	('15','15','LMC_REPORT_DOCUMENTS','lmc','X');

-- LMC_ERROR_MESSAGE_CONFIGURATION
	TRUNCATE LMC_ERROR_MESSAGE_CONFIGURATION;
	INSERT INTO LMC_ERROR_MESSAGE_CONFIGURATION(EMC_ID,CNP_ID,EMC_CODE,EMC_DATA,ULD_ID,EMC_INITIALIZE_FLAG) VALUES
	('1','1','1','ALPHABETS ONLY','1','X');
	INSERT INTO LMC_ERROR_MESSAGE_CONFIGURATION(EMC_ID,CNP_ID,EMC_CODE,EMC_DATA,ULD_ID,EMC_INITIALIZE_FLAG) VALUES
	('2','1','2','NUMBERS ONLY','1','X');
	INSERT INTO LMC_ERROR_MESSAGE_CONFIGURATION(EMC_ID,CNP_ID,EMC_CODE,EMC_DATA,ULD_ID,EMC_INITIALIZE_FLAG) VALUES
	('3','1','3','REPORT SAVED SUCCESSFULLY','1','X');
	INSERT INTO LMC_ERROR_MESSAGE_CONFIGURATION(EMC_ID,CNP_ID,EMC_CODE,EMC_DATA,ULD_ID,EMC_INITIALIZE_FLAG) VALUES
	('4','1','4','REPORT UPDATED SUCCESSFULLY','1','X');
	INSERT INTO LMC_ERROR_MESSAGE_CONFIGURATION(EMC_ID,CNP_ID,EMC_CODE,EMC_DATA,ULD_ID,EMC_INITIALIZE_FLAG) VALUES
	('5','1','5','REPORT DELETED SUCCESSFULLY','1','X');
	INSERT INTO LMC_ERROR_MESSAGE_CONFIGURATION(EMC_ID,CNP_ID,EMC_CODE,EMC_DATA,ULD_ID,EMC_INITIALIZE_FLAG) VALUES
	('6','1','6','ALREADY [DATE] REPORT HAS BEEN ENTERED, PLZ USE UPDATE PAGE TO UPDATE IT FURTHER','1','X');
	INSERT INTO LMC_ERROR_MESSAGE_CONFIGURATION(EMC_ID,CNP_ID,EMC_CODE,EMC_DATA,ULD_ID,EMC_INITIALIZE_FLAG) VALUES
	('7','1','7','REPORT NOT SAVED','1','X');
	INSERT INTO LMC_ERROR_MESSAGE_CONFIGURATION(EMC_ID,CNP_ID,EMC_CODE,EMC_DATA,ULD_ID,EMC_INITIALIZE_FLAG) VALUES
	('8','1','8','REPORT NOT DELETED','1','X');
	INSERT INTO LMC_ERROR_MESSAGE_CONFIGURATION(EMC_ID,CNP_ID,EMC_CODE,EMC_DATA,ULD_ID,EMC_INITIALIZE_FLAG) VALUES
	('9','3','9','USER [LOGIN ID] RECORD IS UPDATED SUCCESSFULLY','1','X');
	INSERT INTO LMC_ERROR_MESSAGE_CONFIGURATION(EMC_ID,CNP_ID,EMC_CODE,EMC_DATA,ULD_ID,EMC_INITIALIZE_FLAG) VALUES
	('10','3','10','USER [LOGIN ID] TERMINATED SUCCESSFULLY','1','X');
	INSERT INTO LMC_ERROR_MESSAGE_CONFIGURATION(EMC_ID,CNP_ID,EMC_CODE,EMC_DATA,ULD_ID,EMC_INITIALIZE_FLAG) VALUES
	('11','3','11','USER [LOGIN ID] REJOINED SUCCESSFULLY','1','X');
	INSERT INTO LMC_ERROR_MESSAGE_CONFIGURATION(EMC_ID,CNP_ID,EMC_CODE,EMC_DATA,ULD_ID,EMC_INITIALIZE_FLAG) VALUES
	('12','3','12','NO USER AVAILABLE TO TERMINATE','1','X');
	INSERT INTO LMC_ERROR_MESSAGE_CONFIGURATION(EMC_ID,CNP_ID,EMC_CODE,EMC_DATA,ULD_ID,EMC_INITIALIZE_FLAG) VALUES
	('13','3','13','NO USER AVAILABLE TO REJOIN','1','X');
	INSERT INTO LMC_ERROR_MESSAGE_CONFIGURATION(EMC_ID,CNP_ID,EMC_CODE,EMC_DATA,ULD_ID,EMC_INITIALIZE_FLAG) VALUES
	('14','3','14','NO USER AVAILABLE TO UPDATE','1','X');
	INSERT INTO LMC_ERROR_MESSAGE_CONFIGURATION(EMC_ID,CNP_ID,EMC_CODE,EMC_DATA,ULD_ID,EMC_INITIALIZE_FLAG) VALUES
	('15','3','15','NO DATA AVAILABLE IN USER LOGIN DETAIL TABLE','1','X');
	INSERT INTO LMC_ERROR_MESSAGE_CONFIGURATION(EMC_ID,CNP_ID,EMC_CODE,EMC_DATA,ULD_ID,EMC_INITIALIZE_FLAG) VALUES
	('16','1','16','NO DATA AVAILABLE BETWEEN [SDATE] AND [EDATE]','1','X');
	INSERT INTO LMC_ERROR_MESSAGE_CONFIGURATION(EMC_ID,CNP_ID,EMC_CODE,EMC_DATA,ULD_ID,EMC_INITIALIZE_FLAG) VALUES
	('17','1','17','REPORT NOT UPDATED','1','X');
	INSERT INTO LMC_ERROR_MESSAGE_CONFIGURATION(EMC_ID,CNP_ID,EMC_CODE,EMC_DATA,ULD_ID,EMC_INITIALIZE_FLAG) VALUES
	('18','1','18','NO DATA AVAILABLE FOR [DATE]','1','X');
	INSERT INTO LMC_ERROR_MESSAGE_CONFIGURATION(EMC_ID,CNP_ID,EMC_CODE,EMC_DATA,ULD_ID,EMC_INITIALIZE_FLAG) VALUES
	('19','1','19','TEAM [NAME] ALREADY EXISTS','1','X');
	INSERT INTO LMC_ERROR_MESSAGE_CONFIGURATION(EMC_ID,CNP_ID,EMC_CODE,EMC_DATA,ULD_ID,EMC_INITIALIZE_FLAG) VALUES
	('20','1','20','PASSWORD CHANGED SUCCESSFULLY','1','X');
	INSERT INTO LMC_ERROR_MESSAGE_CONFIGURATION(EMC_ID,CNP_ID,EMC_CODE,EMC_DATA,ULD_ID,EMC_INITIALIZE_FLAG) VALUES
	('21','2','21','TO TIME SHOULD GREATER THAN FROM TIME','1','X');
	INSERT INTO LMC_ERROR_MESSAGE_CONFIGURATION(EMC_ID,CNP_ID,EMC_CODE,EMC_DATA,ULD_ID,EMC_INITIALIZE_FLAG) VALUES
	('22','1','22','REPORT ALREADY EXISTS','1','X');
	INSERT INTO LMC_ERROR_MESSAGE_CONFIGURATION(EMC_ID,CNP_ID,EMC_CODE,EMC_DATA,ULD_ID,EMC_INITIALIZE_FLAG) VALUES
	('23','1','23','BOTH REPORT AND REASON NOT NULL AT A SAME TIME','1','X');
	INSERT INTO LMC_ERROR_MESSAGE_CONFIGURATION(EMC_ID,CNP_ID,EMC_CODE,EMC_DATA,ULD_ID,EMC_INITIALIZE_FLAG) VALUES
	('24','1','24','BANDWIDTH SHOULD BE LESS THAN OR EQUAL TO 4 DIGITS','1','X');
	INSERT INTO LMC_ERROR_MESSAGE_CONFIGURATION(EMC_ID,CNP_ID,EMC_CODE,EMC_DATA,ULD_ID,EMC_INITIALIZE_FLAG) VALUES
	('25','1','25','BOTH REPORT AND REASON CANNOT BE NULL AT HALF-A-DAY ABSENT','1','X');
	INSERT INTO LMC_ERROR_MESSAGE_CONFIGURATION(EMC_ID,CNP_ID,EMC_CODE,EMC_DATA,ULD_ID,EMC_INITIALIZE_FLAG) VALUES
	('26','1','26','PD_ID CANNOT BE NULL FOR HALF-A-DAY PRESENT','1','X');
	INSERT INTO LMC_ERROR_MESSAGE_CONFIGURATION(EMC_ID,CNP_ID,EMC_CODE,EMC_DATA,ULD_ID,EMC_INITIALIZE_FLAG) VALUES
	('27','1','27','PD_ID CANNOT BE NULL FOR FULL DAY PRESENT','1','X');
	INSERT INTO LMC_ERROR_MESSAGE_CONFIGURATION(EMC_ID,CNP_ID,EMC_CODE,EMC_DATA,ULD_ID,EMC_INITIALIZE_FLAG) VALUES
	('28','1','28','FOR FULL DAY ABSENT PERMISSION SHOULD NOT BE ENTERED','1','X');
	INSERT INTO LMC_ERROR_MESSAGE_CONFIGURATION(EMC_ID,CNP_ID,EMC_CODE,EMC_DATA,ULD_ID,EMC_INITIALIZE_FLAG) VALUES
	('29','1','29','FOR ONDUTY PERMISSION SHOULD NOT BE ENTERED','1','X');
	INSERT INTO LMC_ERROR_MESSAGE_CONFIGURATION(EMC_ID,CNP_ID,EMC_CODE,EMC_DATA,ULD_ID,EMC_INITIALIZE_FLAG) VALUES
	('30','1','30','REPORT SHOULD BE ENTERED FOR FULL DAY PRESENT','1','X');
	INSERT INTO LMC_ERROR_MESSAGE_CONFIGURATION(EMC_ID,CNP_ID,EMC_CODE,EMC_DATA,ULD_ID,EMC_INITIALIZE_FLAG) VALUES
	('31','1','31','REASON SHOULD BE ENTERED FOR FULL DAY ABSENT','1','X');
	INSERT INTO LMC_ERROR_MESSAGE_CONFIGURATION(EMC_ID,CNP_ID,EMC_CODE,EMC_DATA,ULD_ID,EMC_INITIALIZE_FLAG) VALUES
	('32','1','32','PD_ID SHOULD NOT BE ENTERED FOR FULL DAY ABSENT','1','X');
	INSERT INTO LMC_ERROR_MESSAGE_CONFIGURATION(EMC_ID,CNP_ID,EMC_CODE,EMC_DATA,ULD_ID,EMC_INITIALIZE_FLAG) VALUES
	('33','1','33','PD_ID SHOULD NOT BE ENTERED FOR ON DUTY','1','X');
	INSERT INTO LMC_ERROR_MESSAGE_CONFIGURATION(EMC_ID,CNP_ID,EMC_CODE,EMC_DATA,ULD_ID,EMC_INITIALIZE_FLAG) VALUES
	('34','1','34','DESIGNATION SHOULD BE UPPERCASE ONLY','1','X');
	INSERT INTO LMC_ERROR_MESSAGE_CONFIGURATION(EMC_ID,CNP_ID,EMC_CODE,EMC_DATA,ULD_ID,EMC_INITIALIZE_FLAG) VALUES
	('35','1','35','DOB: [DOB] SHOULD BE GREATER THAN OR EQUAL TO 18 YEARS','1','X');
	INSERT INTO LMC_ERROR_MESSAGE_CONFIGURATION(EMC_ID,CNP_ID,EMC_CODE,EMC_DATA,ULD_ID,EMC_INITIALIZE_FLAG) VALUES
	('36','1','36','DOB: [DOB] SHOULD BE NOT BE GREATER THAN TODAY DATE [CURDATE]','1','X');
	INSERT INTO LMC_ERROR_MESSAGE_CONFIGURATION(EMC_ID,CNP_ID,EMC_CODE,EMC_DATA,ULD_ID,EMC_INITIALIZE_FLAG) VALUES
	('37','1','37','MOBILE NO: [MOB NO] SHOULD BE EQUAL TO 8 DIGITS','1','X');
	INSERT INTO LMC_ERROR_MESSAGE_CONFIGURATION(EMC_ID,CNP_ID,EMC_CODE,EMC_DATA,ULD_ID,EMC_INITIALIZE_FLAG) VALUES
	('38','1','38','PROJECT NAME SHOULD BE UPPERCASE ONLY','1','X');
	INSERT INTO LMC_ERROR_MESSAGE_CONFIGURATION(EMC_ID,CNP_ID,EMC_CODE,EMC_DATA,ULD_ID,EMC_INITIALIZE_FLAG) VALUES
	('39','1','39','PROJECT DESCRIPTION SHOULD BE UPPERCASE ONLY','1','X');
	INSERT INTO LMC_ERROR_MESSAGE_CONFIGURATION(EMC_ID,CNP_ID,EMC_CODE,EMC_DATA,ULD_ID,EMC_INITIALIZE_FLAG) VALUES
	('40','3','40','ENTER VALID E-MAIL ID','1','X');
	INSERT INTO LMC_ERROR_MESSAGE_CONFIGURATION(EMC_ID,CNP_ID,EMC_CODE,EMC_DATA,ULD_ID,EMC_INITIALIZE_FLAG) VALUES
	('41','3','41','NO WORKER AVAILABLE TO UPDATE','1','X');
	INSERT INTO LMC_ERROR_MESSAGE_CONFIGURATION(EMC_ID,CNP_ID,EMC_CODE,EMC_DATA,ULD_ID,EMC_INITIALIZE_FLAG) VALUES
	('42','3','42','EMAIL ID ALREADY EXISTS','1','X');
	INSERT INTO LMC_ERROR_MESSAGE_CONFIGURATION(EMC_ID,CNP_ID,EMC_CODE,EMC_DATA,ULD_ID,EMC_INITIALIZE_FLAG) VALUES
	('43','3','43','ROLE :[NAME] ALREADY EXISTS','1','X');
	INSERT INTO LMC_ERROR_MESSAGE_CONFIGURATION(EMC_ID,CNP_ID,EMC_CODE,EMC_DATA,ULD_ID,EMC_INITIALIZE_FLAG) VALUES
	('44','3','44','ROLE CREATED SUCCESSFULLY','1','X');
	INSERT INTO LMC_ERROR_MESSAGE_CONFIGURATION(EMC_ID,CNP_ID,EMC_CODE,EMC_DATA,ULD_ID,EMC_INITIALIZE_FLAG) VALUES
	('45','3','45','WORKER [NAME] CREATED SUCCESSFULLY','1','X');
	INSERT INTO LMC_ERROR_MESSAGE_CONFIGURATION(EMC_ID,CNP_ID,EMC_CODE,EMC_DATA,ULD_ID,EMC_INITIALIZE_FLAG) VALUES
	('46','3','46','WORKER [NAME] UPDATED SUCCESSFULLY','1','X');
	INSERT INTO LMC_ERROR_MESSAGE_CONFIGURATION(EMC_ID,CNP_ID,EMC_CODE,EMC_DATA,ULD_ID,EMC_INITIALIZE_FLAG) VALUES
	('47','3','47','ROLE UPDATED SUCCESSFULLY','1','X');
	INSERT INTO LMC_ERROR_MESSAGE_CONFIGURATION(EMC_ID,CNP_ID,EMC_CODE,EMC_DATA,ULD_ID,EMC_INITIALIZE_FLAG) VALUES
	('48','3','48','WORKER NAME :[NAME] ALREADY EXISTS','1','X');
	INSERT INTO LMC_ERROR_MESSAGE_CONFIGURATION(EMC_ID,CNP_ID,EMC_CODE,EMC_DATA,ULD_ID,EMC_INITIALIZE_FLAG) VALUES
	('49','3','49','NO ROLES AVAILABLE TO UPDATE','1','X');
	INSERT INTO LMC_ERROR_MESSAGE_CONFIGURATION(EMC_ID,CNP_ID,EMC_CODE,EMC_DATA,ULD_ID,EMC_INITIALIZE_FLAG) VALUES
	('50','3','50','NO BASIC ROLE AVAILABLE FOR [USERID]','1','X');
	INSERT INTO LMC_ERROR_MESSAGE_CONFIGURATION(EMC_ID,CNP_ID,EMC_CODE,EMC_DATA,ULD_ID,EMC_INITIALIZE_FLAG) VALUES
	('51','3','51','BASIC PROFILE ACCESS ALREADY GIVEN ,USE SEARCH AND UPDATE','1','X');
	INSERT INTO LMC_ERROR_MESSAGE_CONFIGURATION(EMC_ID,CNP_ID,EMC_CODE,EMC_DATA,ULD_ID,EMC_INITIALIZE_FLAG) VALUES
	('52','3','52','BASIC PROFILE CREATED SUCCESSFULLY','1','X');
	INSERT INTO LMC_ERROR_MESSAGE_CONFIGURATION(EMC_ID,CNP_ID,EMC_CODE,EMC_DATA,ULD_ID,EMC_INITIALIZE_FLAG) VALUES
	('53','3','53','BASIC PROFILE UPDATED SUCCESSFULLY','1','X');
	INSERT INTO LMC_ERROR_MESSAGE_CONFIGURATION(EMC_ID,CNP_ID,EMC_CODE,EMC_DATA,ULD_ID,EMC_INITIALIZE_FLAG) VALUES
	('54','3','54','NO DATA AVAILABLE FOR THE BASIC ROLE [NAME]','1','X');
	INSERT INTO LMC_ERROR_MESSAGE_CONFIGURATION(EMC_ID,CNP_ID,EMC_CODE,EMC_DATA,ULD_ID,EMC_INITIALIZE_FLAG) VALUES
	('55','3','55','ENTER VALID EMAIL ADDRESS OF SSOMENS.COM/GMAIL.COM','1','X');
	INSERT INTO LMC_ERROR_MESSAGE_CONFIGURATION(EMC_ID,CNP_ID,EMC_CODE,EMC_DATA,ULD_ID,EMC_INITIALIZE_FLAG) VALUES
	('56','3','56','RECORD NOT UPDATED','1','X');
	INSERT INTO LMC_ERROR_MESSAGE_CONFIGURATION(EMC_ID,CNP_ID,EMC_CODE,EMC_DATA,ULD_ID,EMC_INITIALIZE_FLAG) VALUES
	('57','3','57','CHECK CALENDER API ENABLED','1','X');
	INSERT INTO LMC_ERROR_MESSAGE_CONFIGURATION(EMC_ID,CNP_ID,EMC_CODE,EMC_DATA,ULD_ID,EMC_INITIALIZE_FLAG) VALUES
	('58','3','58','YOU DO NOT HAVE PERMISSION TO ACCESS THE FOLDER','1','X');
	INSERT INTO LMC_ERROR_MESSAGE_CONFIGURATION(EMC_ID,CNP_ID,EMC_CODE,EMC_DATA,ULD_ID,EMC_INITIALIZE_FLAG) VALUES
	('59','3','59','CALENDAR NAME / ID IS WRONG OR MISSING IN CONFIG TABLE.PLZ,CHECK IN CONFIGURATION TABLE.','1','X');
	INSERT INTO LMC_ERROR_MESSAGE_CONFIGURATION(EMC_ID,CNP_ID,EMC_CODE,EMC_DATA,ULD_ID,EMC_INITIALIZE_FLAG) VALUES
	('60','3','60','CALENDER/SITE OWNER ONLY CAN ABLE TO SHARE CALENDER/SITE','1','X');
	INSERT INTO LMC_ERROR_MESSAGE_CONFIGURATION(EMC_ID,CNP_ID,EMC_CODE,EMC_DATA,ULD_ID,EMC_INITIALIZE_FLAG) VALUES
	('61','3','61','NO ACCESS AVAILABLE FOR LOGIN ID : [LOGIN ID]','1','X');
	INSERT INTO LMC_ERROR_MESSAGE_CONFIGURATION(EMC_ID,CNP_ID,EMC_CODE,EMC_DATA,ULD_ID,EMC_INITIALIZE_FLAG) VALUES
	('62','1','62','PROJECT NAME ALREADY EXISTS','1','X');
	INSERT INTO LMC_ERROR_MESSAGE_CONFIGURATION(EMC_ID,CNP_ID,EMC_CODE,EMC_DATA,ULD_ID,EMC_INITIALIZE_FLAG) VALUES
	('63','1','63','PROJECT SAVED SUCCESSFULLY','1','X');
	INSERT INTO LMC_ERROR_MESSAGE_CONFIGURATION(EMC_ID,CNP_ID,EMC_CODE,EMC_DATA,ULD_ID,EMC_INITIALIZE_FLAG) VALUES
	('64','3','64','PAGE ACCESS REVOKED','1','X');
	INSERT INTO LMC_ERROR_MESSAGE_CONFIGURATION(EMC_ID,CNP_ID,EMC_CODE,EMC_DATA,ULD_ID,EMC_INITIALIZE_FLAG) VALUES
	('65','3','65','PAGE ACCESS GRANTED','1','X');
	INSERT INTO LMC_ERROR_MESSAGE_CONFIGURATION(EMC_ID,CNP_ID,EMC_CODE,EMC_DATA,ULD_ID,EMC_INITIALIZE_FLAG) VALUES
	('66','2','66','REPORTDATE- [RSDATE] SHOULD GREATER THAN [PROJECT NAME] PROJECT STARTDATE- [PSDATE]','1','X');
	INSERT INTO LMC_ERROR_MESSAGE_CONFIGURATION(EMC_ID,CNP_ID,EMC_CODE,EMC_DATA,ULD_ID,EMC_INITIALIZE_FLAG) VALUES
	('67','2','67','BANDWIDTH - [BW] MB SHOULD NOT BE GREATER THAN 1000 MB','1','X');
	INSERT INTO LMC_ERROR_MESSAGE_CONFIGURATION(EMC_ID,CNP_ID,EMC_CODE,EMC_DATA,ULD_ID,EMC_INITIALIZE_FLAG) VALUES
	('68','2','68','REPORT FOR THE DATE [DD/MM/YY] ALREADY EXISTS FOR THE LOGIN ID [LOGIN]','1','X');
	INSERT INTO LMC_ERROR_MESSAGE_CONFIGURATION(EMC_ID,CNP_ID,EMC_CODE,EMC_DATA,ULD_ID,EMC_INITIALIZE_FLAG) VALUES
	('69','1','69','EMPLOYEE RECORD SAVED SUCCESSFULLY','1','X');
	INSERT INTO LMC_ERROR_MESSAGE_CONFIGURATION(EMC_ID,CNP_ID,EMC_CODE,EMC_DATA,ULD_ID,EMC_INITIALIZE_FLAG) VALUES
	('70','1','70','CONTACT NO SHOULD BE 8 DIGITS','1','X');
	INSERT INTO LMC_ERROR_MESSAGE_CONFIGURATION(EMC_ID,CNP_ID,EMC_CODE,EMC_DATA,ULD_ID,EMC_INITIALIZE_FLAG) VALUES
	('71','1','71','RECORD NOT SAVED','1','X');
	INSERT INTO LMC_ERROR_MESSAGE_CONFIGURATION(EMC_ID,CNP_ID,EMC_CODE,EMC_DATA,ULD_ID,EMC_INITIALIZE_FLAG) VALUES
	('72','1','72','NO USER AVAILABLE TO ENTER THE DETAILS ,USE SEARCH/UPDATE FORM','1','X');
	INSERT INTO LMC_ERROR_MESSAGE_CONFIGURATION(EMC_ID,CNP_ID,EMC_CODE,EMC_DATA,ULD_ID,EMC_INITIALIZE_FLAG) VALUES
	('73','2','73','YOUR SEARCH NOT MATCH FOR ANY EMPLOYEE','1','X');
	INSERT INTO LMC_ERROR_MESSAGE_CONFIGURATION(EMC_ID,CNP_ID,EMC_CODE,EMC_DATA,ULD_ID,EMC_INITIALIZE_FLAG) VALUES
	('74','2','74','TICKLER HISTORY FOR EMPLOYEE: [LOGINID]','1','X');
	INSERT INTO LMC_ERROR_MESSAGE_CONFIGURATION(EMC_ID,CNP_ID,EMC_CODE,EMC_DATA,ULD_ID,EMC_INITIALIZE_FLAG) VALUES
	('75','2','75','NO DATA AVAILABLE FOR THIS EMPLOYEE NAME: [LOGINID]','1','X');
	INSERT INTO LMC_ERROR_MESSAGE_CONFIGURATION(EMC_ID,CNP_ID,EMC_CODE,EMC_DATA,ULD_ID,EMC_INITIALIZE_FLAG) VALUES
	('76','1','76','EMPLOYEE DETAILS RECORD UPDATED SUCCESSFULLY','1','X');
	INSERT INTO LMC_ERROR_MESSAGE_CONFIGURATION(EMC_ID,CNP_ID,EMC_CODE,EMC_DATA,ULD_ID,EMC_INITIALIZE_FLAG) VALUES
	('77','1','77','NO DATA AVAILABLE IN EMPLOYEE DETAILS','1','X');
	INSERT INTO LMC_ERROR_MESSAGE_CONFIGURATION(EMC_ID,CNP_ID,EMC_CODE,EMC_DATA,ULD_ID,EMC_INITIALIZE_FLAG) VALUES
	('78','1','78','DETAILS OF THE EMPLOYEE NAME : [NAME]','1','X');
	INSERT INTO LMC_ERROR_MESSAGE_CONFIGURATION(EMC_ID,CNP_ID,EMC_CODE,EMC_DATA,ULD_ID,EMC_INITIALIZE_FLAG) VALUES
	('79','1','79','PROJECT NOT SAVED','1','X');
	INSERT INTO LMC_ERROR_MESSAGE_CONFIGURATION(EMC_ID,CNP_ID,EMC_CODE,EMC_DATA,ULD_ID,EMC_INITIALIZE_FLAG) VALUES
	('80','1','80','PROJECT UPDATED SUCCESSFULLY','1','X');
	INSERT INTO LMC_ERROR_MESSAGE_CONFIGURATION(EMC_ID,CNP_ID,EMC_CODE,EMC_DATA,ULD_ID,EMC_INITIALIZE_FLAG) VALUES
	('81','1','81','PROJECT NOT UPDATED','1','X');
	INSERT INTO LMC_ERROR_MESSAGE_CONFIGURATION(EMC_ID,CNP_ID,EMC_CODE,EMC_DATA,ULD_ID,EMC_INITIALIZE_FLAG) VALUES
	('82','2','82','NO DATA AVAILABLE FOR THIS PROJECT: [NAME]','1','X');
	INSERT INTO LMC_ERROR_MESSAGE_CONFIGURATION(EMC_ID,CNP_ID,EMC_CODE,EMC_DATA,ULD_ID,EMC_INITIALIZE_FLAG) VALUES
	('83','1','83','NO DATA AVAILABLE','1','X');
	INSERT INTO LMC_ERROR_MESSAGE_CONFIGURATION(EMC_ID,CNP_ID,EMC_CODE,EMC_DATA,ULD_ID,EMC_INITIALIZE_FLAG) VALUES
	('84','1','84','REPORT ALREADY ENTERED FOR THIS WEEK,PLZ USE UPDATE PAGE TO UPDATE IT FURTHER','1','X');
	INSERT INTO LMC_ERROR_MESSAGE_CONFIGURATION(EMC_ID,CNP_ID,EMC_CODE,EMC_DATA,ULD_ID,EMC_INITIALIZE_FLAG) VALUES
	('85','1','85','EMAIL TEMPLATE RECORD SAVED SUCCESSFULLY','1','X');
	INSERT INTO LMC_ERROR_MESSAGE_CONFIGURATION(EMC_ID,CNP_ID,EMC_CODE,EMC_DATA,ULD_ID,EMC_INITIALIZE_FLAG) VALUES
	('86','1','86','SCRIPT NAME ALREADY EXISTS','1','X');
	INSERT INTO LMC_ERROR_MESSAGE_CONFIGURATION(EMC_ID,CNP_ID,EMC_CODE,EMC_DATA,ULD_ID,EMC_INITIALIZE_FLAG) VALUES
	('87','1','87','NO RECORDS AVAILABLE IN EMAIL TEMPLATE','1','X');
	INSERT INTO LMC_ERROR_MESSAGE_CONFIGURATION(EMC_ID,CNP_ID,EMC_CODE,EMC_DATA,ULD_ID,EMC_INITIALIZE_FLAG) VALUES
	('88','1','88','EMAIL TEMPLATE RECORD UPDATED SUCCESSFULLY','1','X');
	INSERT INTO LMC_ERROR_MESSAGE_CONFIGURATION(EMC_ID,CNP_ID,EMC_CODE,EMC_DATA,ULD_ID,EMC_INITIALIZE_FLAG) VALUES
	('89','1','89','DETAILS OF THE [SCRIPT]','1','X');
	INSERT INTO LMC_ERROR_MESSAGE_CONFIGURATION(EMC_ID,CNP_ID,EMC_CODE,EMC_DATA,ULD_ID,EMC_INITIALIZE_FLAG) VALUES
	('90','1','90','PATCH FILE [FILENAME] EXECUTED SUCCESSFULLY','1','X');
	INSERT INTO LMC_ERROR_MESSAGE_CONFIGURATION(EMC_ID,CNP_ID,EMC_CODE,EMC_DATA,ULD_ID,EMC_INITIALIZE_FLAG) VALUES
	('91','1','91','PATCH FILE [FILENAME] ALREADY EXECUTED.RUN SOME OTHER FILE','1','X');
	INSERT INTO LMC_ERROR_MESSAGE_CONFIGURATION(EMC_ID,CNP_ID,EMC_CODE,EMC_DATA,ULD_ID,EMC_INITIALIZE_FLAG) VALUES
	('92','1','92','PATCH FILE [FILENAME] HAVING ISSUE','1','X');
	INSERT INTO LMC_ERROR_MESSAGE_CONFIGURATION(EMC_ID,CNP_ID,EMC_CODE,EMC_DATA,ULD_ID,EMC_INITIALIZE_FLAG) VALUES
	('93','1','93','PUBLIC HOLIDAY SAVED SUCCESSFULLY','1','X');
	INSERT INTO LMC_ERROR_MESSAGE_CONFIGURATION(EMC_ID,CNP_ID,EMC_CODE,EMC_DATA,ULD_ID,EMC_INITIALIZE_FLAG) VALUES
	('94','1','94','ENTER VALID ID','1','X');
	INSERT INTO LMC_ERROR_MESSAGE_CONFIGURATION(EMC_ID,CNP_ID,EMC_CODE,EMC_DATA,ULD_ID,EMC_INITIALIZE_FLAG) VALUES
	('95','3','95','WORKER [NAME] NOT CREATED','1','X');
	INSERT INTO LMC_ERROR_MESSAGE_CONFIGURATION(EMC_ID,CNP_ID,EMC_CODE,EMC_DATA,ULD_ID,EMC_INITIALIZE_FLAG) VALUES
	('96','1','96','PUBLIC HOLIDAY ALREADY ENTERED','1','X');
	INSERT INTO LMC_ERROR_MESSAGE_CONFIGURATION(EMC_ID,CNP_ID,EMC_CODE,EMC_DATA,ULD_ID,EMC_INITIALIZE_FLAG) VALUES
	('97','1','97','DOC / SS ID IS WRONG OR CHECK IN CONFIGURATION OR GET ACCESS','1','X');
	INSERT INTO LMC_ERROR_MESSAGE_CONFIGURATION(EMC_ID,CNP_ID,EMC_CODE,EMC_DATA,ULD_ID,EMC_INITIALIZE_FLAG) VALUES
	('98','2','98','REPORT FOR [LOGINID] BETWEEN [STARTDATE] AND [ENDDATE]','1','X');
	INSERT INTO LMC_ERROR_MESSAGE_CONFIGURATION(EMC_ID,CNP_ID,EMC_CODE,EMC_DATA,ULD_ID,EMC_INITIALIZE_FLAG) VALUES
	('99','2','99','DETAILS FOR ALL PROJECT(S)','1','X');
	INSERT INTO LMC_ERROR_MESSAGE_CONFIGURATION(EMC_ID,CNP_ID,EMC_CODE,EMC_DATA,ULD_ID,EMC_INITIALIZE_FLAG) VALUES
	('100','2','100','EMPLOYEE(S) BANDWIDTH USAGE FOR [MONTH]','1','X');
	INSERT INTO LMC_ERROR_MESSAGE_CONFIGURATION(EMC_ID,CNP_ID,EMC_CODE,EMC_DATA,ULD_ID,EMC_INITIALIZE_FLAG) VALUES
	('101','2','101','BANDWIDTH FOR [LOGINID] ON [MONTH]','1','X');
	INSERT INTO LMC_ERROR_MESSAGE_CONFIGURATION(EMC_ID,CNP_ID,EMC_CODE,EMC_DATA,ULD_ID,EMC_INITIALIZE_FLAG) VALUES
	('102','2','102','DOOR ACCESS DETAILS FOR EMPLOYEES','1','X');
	INSERT INTO LMC_ERROR_MESSAGE_CONFIGURATION(EMC_ID,CNP_ID,EMC_CODE,EMC_DATA,ULD_ID,EMC_INITIALIZE_FLAG) VALUES
	('103','2','103','ATTENDANCE REPORT FOR [EMPLOYEE] ON [MONTH]','1','X');
	INSERT INTO LMC_ERROR_MESSAGE_CONFIGURATION(EMC_ID,CNP_ID,EMC_CODE,EMC_DATA,ULD_ID,EMC_INITIALIZE_FLAG) VALUES
	('104','2','104','ATTENDANCE REPORT FOR [MONTH]','1','X');
	INSERT INTO LMC_ERROR_MESSAGE_CONFIGURATION(EMC_ID,CNP_ID,EMC_CODE,EMC_DATA,ULD_ID,EMC_INITIALIZE_FLAG) VALUES
	('105','2','105','REPORT ENTRY MISSED DETAILS FOR [MONTH]','1','X');
	INSERT INTO LMC_ERROR_MESSAGE_CONFIGURATION(EMC_ID,CNP_ID,EMC_CODE,EMC_DATA,ULD_ID,EMC_INITIALIZE_FLAG) VALUES
	('106','2','106','PROJECT REVENUE FOR [MONTH]','1','X');
	INSERT INTO LMC_ERROR_MESSAGE_CONFIGURATION(EMC_ID,CNP_ID,EMC_CODE,EMC_DATA,ULD_ID,EMC_INITIALIZE_FLAG) VALUES
	('107','2','107','PROJECT REVENUE FOR [MONTH] BETWEEN [STARTDATE] AND [ENDDATE]','1','X');
	INSERT INTO LMC_ERROR_MESSAGE_CONFIGURATION(EMC_ID,CNP_ID,EMC_CODE,EMC_DATA,ULD_ID,EMC_INITIALIZE_FLAG) VALUES
	('108','2','108','PROJECT REVENUE FOR [LOGINID] FOR [PROJECTNAME]','1','X');
	INSERT INTO LMC_ERROR_MESSAGE_CONFIGURATION(EMC_ID,CNP_ID,EMC_CODE,EMC_DATA,ULD_ID,EMC_INITIALIZE_FLAG) VALUES
	('109','2','109','REPORT(S) DETAILS FOR [DATE]','1','X');
	INSERT INTO LMC_ERROR_MESSAGE_CONFIGURATION(EMC_ID,CNP_ID,EMC_CODE,EMC_DATA,ULD_ID,EMC_INITIALIZE_FLAG) VALUES
	('110','2','110','WEEKLY REPORT DETAILS BETWEEN [STARTDATE] AND [ENDDATE]','1','X');
	INSERT INTO LMC_ERROR_MESSAGE_CONFIGURATION(EMC_ID,CNP_ID,EMC_CODE,EMC_DATA,ULD_ID,EMC_INITIALIZE_FLAG) VALUES
	('111','2','111','PROJECT REVENUE FOR [PROJECTNAME]','1','X');
	INSERT INTO LMC_ERROR_MESSAGE_CONFIGURATION(EMC_ID,CNP_ID,EMC_CODE,EMC_DATA,ULD_ID,EMC_INITIALIZE_FLAG) VALUES
	('112','2','112','PROJECT REVENUE FOR [LOGINID] BETWEEN [STARTDATE] AND [ENDDATE] IN [PROJECTNAME]','1','X');
	INSERT INTO LMC_ERROR_MESSAGE_CONFIGURATION(EMC_ID,CNP_ID,EMC_CODE,EMC_DATA,ULD_ID,EMC_INITIALIZE_FLAG) VALUES
	('113','3','113','YOU DO NOT HAVE PERMISSION TO SHARE/UNSHARE THE SS [SSID]','1','X');
	INSERT INTO LMC_ERROR_MESSAGE_CONFIGURATION(EMC_ID,CNP_ID,EMC_CODE,EMC_DATA,ULD_ID,EMC_INITIALIZE_FLAG) VALUES
	('114','3','114','YOU DO NOT HAVE PERMISSION TO CREATE EVENT IN THIS CALENDER','1','X');
	INSERT INTO LMC_ERROR_MESSAGE_CONFIGURATION(EMC_ID,CNP_ID,EMC_CODE,EMC_DATA,ULD_ID,EMC_INITIALIZE_FLAG) VALUES
	('115','3','115','NO PROJECT AVAILABLE','1','X');
	INSERT INTO LMC_ERROR_MESSAGE_CONFIGURATION(EMC_ID,CNP_ID,EMC_CODE,EMC_DATA,ULD_ID,EMC_INITIALIZE_FLAG) VALUES
	('116','3','116','[LOGIN ID] HAVING REPORTS UPTO [DATE].SO NOT ABLE TO TERMINATE','1','X');
	INSERT INTO LMC_ERROR_MESSAGE_CONFIGURATION(EMC_ID,CNP_ID,EMC_CODE,EMC_DATA,ULD_ID,EMC_INITIALIZE_FLAG) VALUES
	('117','3','117','PROJECT ACCESS HAS GIVEN TO [LOGINID]','1','X');
	INSERT INTO LMC_ERROR_MESSAGE_CONFIGURATION(EMC_ID,CNP_ID,EMC_CODE,EMC_DATA,ULD_ID,EMC_INITIALIZE_FLAG) VALUES
	('118','3','118','PROJECT ACCESS UPDATED FOR [LOGIN ID]','1','X');
	INSERT INTO LMC_ERROR_MESSAGE_CONFIGURATION(EMC_ID,CNP_ID,EMC_CODE,EMC_DATA,ULD_ID,EMC_INITIALIZE_FLAG) VALUES
	('119','1','119','TODAY CLOCK IN TIME:[TIME]','1','X');
	INSERT INTO LMC_ERROR_MESSAGE_CONFIGURATION(EMC_ID,CNP_ID,EMC_CODE,EMC_DATA,ULD_ID,EMC_INITIALIZE_FLAG) VALUES
	('120','1','120','PLZ CLOCK IN TO ENTER PRESENT REPORT','1','X');
	INSERT INTO LMC_ERROR_MESSAGE_CONFIGURATION(EMC_ID,CNP_ID,EMC_CODE,EMC_DATA,ULD_ID,EMC_INITIALIZE_FLAG) VALUES
	('121','1','121','CLOCK IN/OUT DETAILS FOR [LOGINID] BETWEEN [STARTDATE] AND [ENDDATE]','1','X');
	INSERT INTO LMC_ERROR_MESSAGE_CONFIGURATION(EMC_ID,CNP_ID,EMC_CODE,EMC_DATA,ULD_ID,EMC_INITIALIZE_FLAG) VALUES
	('122','1','122','CLOCK IN/OUT DETAILS FOR [DATE]','1','X');
	INSERT INTO LMC_ERROR_MESSAGE_CONFIGURATION(EMC_ID,CNP_ID,EMC_CODE,EMC_DATA,ULD_ID,EMC_INITIALIZE_FLAG) VALUES
	('123','2','123','REPORT LOCATION CANNOT BE UNDEFINED','1','X');
	INSERT INTO LMC_ERROR_MESSAGE_CONFIGURATION(EMC_ID,CNP_ID,EMC_CODE,EMC_DATA,ULD_ID,EMC_INITIALIZE_FLAG) VALUES
	('124','1','124','ALLOW BROWSER TO SHARE LOCATION','1','X');
	INSERT INTO LMC_ERROR_MESSAGE_CONFIGURATION(EMC_ID,CNP_ID,EMC_CODE,EMC_DATA,ULD_ID,EMC_INITIALIZE_FLAG) VALUES
	('125','1','125','DETAILS OF SELECTED TYPE :[TYPE]','1','X');
	INSERT INTO LMC_ERROR_MESSAGE_CONFIGURATION(EMC_ID,CNP_ID,EMC_CODE,EMC_DATA,ULD_ID,EMC_INITIALIZE_FLAG) VALUES
	('126','1','126','[MODULE NAME] SETTINGS UPDATED SUCCESSFULLY','1','X');
	INSERT INTO LMC_ERROR_MESSAGE_CONFIGURATION(EMC_ID,CNP_ID,EMC_CODE,EMC_DATA,ULD_ID,EMC_INITIALIZE_FLAG) VALUES
	('127','1','127','NO RECORD MATCH FOR THE SELECTED TYPE : [TYPE]','1','X');
	INSERT INTO LMC_ERROR_MESSAGE_CONFIGURATION(EMC_ID,CNP_ID,EMC_CODE,EMC_DATA,ULD_ID,EMC_INITIALIZE_FLAG) VALUES
	('128','1','128','CONFIGURATION RECORD FOR [MODULE NAME] DELETED SUCCESSFULLY','1','X');
	INSERT INTO LMC_ERROR_MESSAGE_CONFIGURATION(EMC_ID,CNP_ID,EMC_CODE,EMC_DATA,ULD_ID,EMC_INITIALIZE_FLAG) VALUES
	('129','1','129','CONFIGURATION RECORD CANNOT BE DELETED','1','X');
	INSERT INTO LMC_ERROR_MESSAGE_CONFIGURATION(EMC_ID,CNP_ID,EMC_CODE,EMC_DATA,ULD_ID,EMC_INITIALIZE_FLAG) VALUES
	('130','1','130','[MODULE NAME] SETTINGS SAVED SUCCESSFULLY','1','X');
	INSERT INTO LMC_ERROR_MESSAGE_CONFIGURATION(EMC_ID,CNP_ID,EMC_CODE,EMC_DATA,ULD_ID,EMC_INITIALIZE_FLAG) VALUES
	('131','1','131','SETTINGS DATA FOR THE [TYPE] ALREADY EXISTS GIVE ANOTHER ONE','1','X');
	INSERT INTO LMC_ERROR_MESSAGE_CONFIGURATION(EMC_ID,CNP_ID,EMC_CODE,EMC_DATA,ULD_ID,EMC_INITIALIZE_FLAG) VALUES
	('132','1','132','YOU DO NOT HAVE PERMISSION TO ACCESS THE FOLDER [FID]','1','X');
	INSERT INTO LMC_ERROR_MESSAGE_CONFIGURATION(EMC_ID,CNP_ID,EMC_CODE,EMC_DATA,ULD_ID,EMC_INITIALIZE_FLAG) VALUES
	('133','1','133','PDF/JPEG/JPG/PNG FILES ARE ONLY ALLOWED!!!','1','X');
	INSERT INTO LMC_ERROR_MESSAGE_CONFIGURATION(EMC_ID,CNP_ID,EMC_CODE,EMC_DATA,ULD_ID,EMC_INITIALIZE_FLAG) VALUES
	('134','1','134','NO INPUT TYPE AVAILABLE FOR [MODULE NAME]','1','X');
	INSERT INTO LMC_ERROR_MESSAGE_CONFIGURATION(EMC_ID,CNP_ID,EMC_CODE,EMC_DATA,ULD_ID,EMC_INITIALIZE_FLAG) VALUES
	('135','2','135','THIS FOLDERID ALREADY CREATED FOR [LOGINID]','1','X');
	INSERT INTO LMC_ERROR_MESSAGE_CONFIGURATION(EMC_ID,CNP_ID,EMC_CODE,EMC_DATA,ULD_ID,EMC_INITIALIZE_FLAG) VALUES
	('136','2','136','REPORTDATE- [RSDATE] SHOULD LESS THAN [PROJECT NAME] PROJECT ENDDATE- [PEDATE]','1','X');
	INSERT INTO LMC_ERROR_MESSAGE_CONFIGURATION(EMC_ID,CNP_ID,EMC_CODE,EMC_DATA,ULD_ID,EMC_INITIALIZE_FLAG) VALUES
	('137','2','137','PROJECT [PROJECT] HAVING REPORT UPTO [EDATE].SO CANNOT ABLE TO UPDATE ENDDATE','1','X');
	INSERT INTO LMC_ERROR_MESSAGE_CONFIGURATION(EMC_ID,CNP_ID,EMC_CODE,EMC_DATA,ULD_ID,EMC_INITIALIZE_FLAG) VALUES
	('138','3','138','PASSWORD DOES NOT MATCH WITH CONFIRM PASSWORD','1','X');
	INSERT INTO LMC_ERROR_MESSAGE_CONFIGURATION(EMC_ID,CNP_ID,EMC_CODE,EMC_DATA,ULD_ID,EMC_INITIALIZE_FLAG) VALUES
	('139','3','139','PASSWORD MUST HAVE AT LEAST 8 CHARACTERS','1','X');
	INSERT INTO LMC_ERROR_MESSAGE_CONFIGURATION(EMC_ID,CNP_ID,EMC_CODE,EMC_DATA,ULD_ID,EMC_INITIALIZE_FLAG) VALUES
	('140','3','140','INCCORRECT USERNAME/PASSWORD','1','X');
	INSERT INTO LMC_ERROR_MESSAGE_CONFIGURATION(EMC_ID,CNP_ID,EMC_CODE,EMC_DATA,ULD_ID,EMC_INITIALIZE_FLAG) VALUES
	('141','2','141','FILE UPLOADED SUCCESSFULLY','1','X');
	INSERT INTO LMC_ERROR_MESSAGE_CONFIGURATION(EMC_ID,CNP_ID,EMC_CODE,EMC_DATA,ULD_ID,EMC_INITIALIZE_FLAG) VALUES
	('142','2','142','FILE NOT UPLOADED','1','X');
	INSERT INTO LMC_ERROR_MESSAGE_CONFIGURATION(EMC_ID,CNP_ID,EMC_CODE,EMC_DATA,ULD_ID,EMC_INITIALIZE_FLAG) VALUES
	('143','2','143','END TIME SHOULD GREATER THAN START TIME','1','X');
	INSERT INTO LMC_ERROR_MESSAGE_CONFIGURATION(EMC_ID,CNP_ID,EMC_CODE,EMC_DATA,ULD_ID,EMC_INITIALIZE_FLAG) VALUES
	('144','2','144','TOPIC [TOPIC] ALREADY EXISTS','1','X');
	INSERT INTO LMC_ERROR_MESSAGE_CONFIGURATION(EMC_ID,CNP_ID,EMC_CODE,EMC_DATA,ULD_ID,EMC_INITIALIZE_FLAG) VALUES
	('145','2','145','IMAGE FOLDER NOT EXISTS','1','X');
	INSERT INTO LMC_ERROR_MESSAGE_CONFIGURATION(EMC_ID,CNP_ID,EMC_CODE,EMC_DATA,ULD_ID,EMC_INITIALIZE_FLAG) VALUES
	('146','2','146','ALREADY FILE UPLOADED FOR CATEGORY [CATEGORY] ON [DATE]','1','X');
	INSERT INTO LMC_ERROR_MESSAGE_CONFIGURATION(EMC_ID,CNP_ID,EMC_CODE,EMC_DATA,ULD_ID,EMC_INITIALIZE_FLAG) VALUES
	('147','2','147','MACHINERY TYPE [TYPE] ALREADY EXISTS','1','X');
	INSERT INTO LMC_ERROR_MESSAGE_CONFIGURATION(EMC_ID,CNP_ID,EMC_CODE,EMC_DATA,ULD_ID,EMC_INITIALIZE_FLAG) VALUES
	('148','2','148','ITEM [ITEM] ALREADY EXISTS','1','X');
	INSERT INTO LMC_ERROR_MESSAGE_CONFIGURATION(EMC_ID,CNP_ID,EMC_CODE,EMC_DATA,ULD_ID,EMC_INITIALIZE_FLAG) VALUES
	('149','2','149','TEAM ASSIGNED FOR EMPLOYEE(S) SUCCESSFULLY','1','X');
	INSERT INTO LMC_ERROR_MESSAGE_CONFIGURATION(EMC_ID,CNP_ID,EMC_CODE,EMC_DATA,ULD_ID,EMC_INITIALIZE_FLAG) VALUES
	('150','2','150','TEAM NOT ASSIGNED FOR EMPLOYEE(S)','1','X');
	INSERT INTO LMC_ERROR_MESSAGE_CONFIGURATION(EMC_ID,CNP_ID,EMC_CODE,EMC_DATA,ULD_ID,EMC_INITIALIZE_FLAG) VALUES
	('151','2','151','NO TEAM ASSIGNED FOR USERNAME [UNAME]','1','X');
	INSERT INTO LMC_ERROR_MESSAGE_CONFIGURATION(EMC_ID,CNP_ID,EMC_CODE,EMC_DATA,ULD_ID,EMC_INITIALIZE_FLAG) VALUES
	('152','2','152','IMAGE FOLDER NOT HAVING WRITE PERMISSION','1','X');
	INSERT INTO LMC_ERROR_MESSAGE_CONFIGURATION(EMC_ID,CNP_ID,EMC_CODE,EMC_DATA,ULD_ID,EMC_INITIALIZE_FLAG) VALUES
	('153','2','153','UPDATED SUCCESSFULLY','1','X');
	INSERT INTO LMC_ERROR_MESSAGE_CONFIGURATION(EMC_ID,CNP_ID,EMC_CODE,EMC_DATA,ULD_ID,EMC_INITIALIZE_FLAG) VALUES
	('154','2','154','NOT UPDATED','1','X');
	INSERT INTO LMC_ERROR_MESSAGE_CONFIGURATION(EMC_ID,CNP_ID,EMC_CODE,EMC_DATA,ULD_ID,EMC_INITIALIZE_FLAG) VALUES
	('155','2','155','TEAM ASSIGNED FOR ALL EMPLOYEES','1','X');
	INSERT INTO LMC_ERROR_MESSAGE_CONFIGURATION(EMC_ID,CNP_ID,EMC_CODE,EMC_DATA,ULD_ID,EMC_INITIALIZE_FLAG) VALUES
	('156','2','156','ENTER ANY ONE FIELD','1','X');
	INSERT INTO LMC_ERROR_MESSAGE_CONFIGURATION(EMC_ID,CNP_ID,EMC_CODE,EMC_DATA,ULD_ID,EMC_INITIALIZE_FLAG) VALUES
	('157','2','157','SELECT ANY ONE [NAME]','1','X');

-- LMC_EMAIL_TEMPLATE
	TRUNCATE LMC_EMAIL_TEMPLATE;
	INSERT INTO LMC_EMAIL_TEMPLATE(ET_ID,ET_EMAIL_SCRIPT) VALUES ('1','LOGIN CREATION');
	INSERT INTO LMC_EMAIL_TEMPLATE(ET_ID,ET_EMAIL_SCRIPT) VALUES ('2','EMPLOYEE DETAILS MAIL');
	INSERT INTO LMC_EMAIL_TEMPLATE(ET_ID,ET_EMAIL_SCRIPT) VALUES ('3','DAILY REPORT MAIL');
	INSERT INTO LMC_EMAIL_TEMPLATE(ET_ID,ET_EMAIL_SCRIPT) VALUES ('4','REPORT UPDATE MAIL');
	INSERT INTO LMC_EMAIL_TEMPLATE(ET_ID,ET_EMAIL_SCRIPT) VALUES ('5','UPDATED EMPLOYEE DETAILS');
	INSERT INTO LMC_EMAIL_TEMPLATE(ET_ID,ET_EMAIL_SCRIPT) VALUES ('6','TEMP TABLE DROP MAIL');

-- LMC_EMAIL_TEMPLATE_DETAILS
	TRUNCATE LMC_EMAIL_TEMPLATE_DETAILS;
INSERT INTO `LMC_EMAIL_TEMPLATE_DETAILS` (`ETD_ID`, `ET_ID`, `ETD_EMAIL_SUBJECT`, `ETD_EMAIL_BODY`, `ULD_ID`, `ETD_TIMESTAMP`) VALUES
	(1, 1, 'WELCOME TO LIH MING CONSTRUCTION', 'Dear [LOGINID],^ Welcome to our  LIH MING CONSTRUCTION!^ At the outset, I would like to congratulate you for having fared so well in the interview process and for having made a definite impression in the minds of those who have interacted with you during the interviews. I am sure that going forward, this impression will only grow stronger.^  We expect you to set an example of diligence, dedication and commitment and contribute your best efforts in making LIH MING CONSTRUCTION a leading organization.^ I hope the induction session you Under going through was informative, and has helped you understand and identify with LIH MING CONSTRUCTION better.', 1, '2015-04-20 13:13:00'),
	(2, 2, 'EMPLOYEE DETAILS', 'PERSONAL DETAILS:^ USERNAME: [UNAME]^ PASSWORD: [PWD]^ WORKER NAME: [WNAME]^ WORKER NO: [WNO]^ NRIC NO: [NRICNO]^ EMAIL ID: [EMAILID]^ MOBILE NO: [MOBNO]^ EMPLOYEE ADDRESS: [ADDRESS]^ Wishing you luck for all your assignments and a long and rewarding career at LIH MING CONSTRUCTION.^ Warm Regards,^ LIH MING CONSTRUCTION^ 22 WOODLANDS LINK,^ #04-40,SINGAPORE 738734', 1, '2015-04-20 13:13:00'),
	(3, 3, 'TIME SHEET REPORT', 'HELLO [SADMIN], TIME SHEET REPORT FOR [UNAME] ON : [DATE]', 1, '2015-04-20 13:13:00'),
	(4, 4, 'TIME SHEET UPDATED REPORT', 'UPDATED REPORTS FOR [LOGINID]', 1, '2015-04-20 13:13:00'),
	(5, 5, 'UPDATED WORKER PROFILE DETAILS', 'HELLO [USERNAME],^CHECK YOUR UPDATED PERSONAL DETAILS:^ USERNAME: [UNAME]^ PASSWORD: [PWD]^ WORKER NAME: [WNAME]^ WORKER NO: [WNO]^ NRIC NO: [NRICNO]^ EMAIL ID: [EMAILID]^ MOBILE NO: [MOBNO]^ EMPLOYEE ADDRESS: [ADDRESS]^ Regards,^ LIH MING CONSTRUCTION^ 22 WOODLANDS LINK,^ #04-40,SINGAPORE 738734.', 1, '2015-04-20 13:13:00'),
	(6, 6, 'LIST OF TEMPORARY TABLES ON OR BEFORE [CURRENTDATE]', 'PLZ FIND BELOW THE TEMPORARY TABLES LIST, WHICH HAVE BEEN DELETED, DATED ON OR BEFORE [CURRENTDATE]', 1, '2015-04-20 13:13:00');

-- LMC_TICKLER_PROFILE
	TRUNCATE LMC_TICKLER_PROFILE;
	INSERT INTO LMC_TICKLER_PROFILE(TP_ID,TP_TYPE) VALUES ('1','UPDATION');
	INSERT INTO LMC_TICKLER_PROFILE(TP_ID,TP_TYPE) VALUES ('2','DELETION');	

-- LMC_TICKLER_TABID_PROFILE
	TRUNCATE LMC_TICKLER_TABID_PROFILE;
	INSERT INTO LMC_TICKLER_TABID_PROFILE(TTIP_ID,TTIP_DATA) VALUES ('1','LMC_MENU_PROFILE');
	INSERT INTO LMC_TICKLER_TABID_PROFILE(TTIP_ID,TTIP_DATA) VALUES ('2','LMC_ROLE_CREATION');
	INSERT INTO LMC_TICKLER_TABID_PROFILE(TTIP_ID,TTIP_DATA) VALUES ('3','LMC_USER_LOGIN_DETAILS');
	INSERT INTO LMC_TICKLER_TABID_PROFILE(TTIP_ID,TTIP_DATA) VALUES ('4','LMC_USER_MENU_DETAILS');
	INSERT INTO LMC_TICKLER_TABID_PROFILE(TTIP_ID,TTIP_DATA) VALUES ('5','LMC_WORKER_DESIGNATION');
	INSERT INTO LMC_TICKLER_TABID_PROFILE(TTIP_ID,TTIP_DATA) VALUES ('6','LMC_BASIC_ROLE_PROFILE');
	INSERT INTO LMC_TICKLER_TABID_PROFILE(TTIP_ID,TTIP_DATA) VALUES ('7','LMC_BASIC_MENU_PROFILE');
	INSERT INTO LMC_TICKLER_TABID_PROFILE(TTIP_ID,TTIP_DATA) VALUES ('8','LMC_CONFIGURATION_PROFILE');
	INSERT INTO LMC_TICKLER_TABID_PROFILE(TTIP_ID,TTIP_DATA) VALUES ('9','LMC_CONFIGURATION');
	INSERT INTO LMC_TICKLER_TABID_PROFILE(TTIP_ID,TTIP_DATA) VALUES ('10','LMC_ERROR_MESSAGE_CONFIGURATION');
	INSERT INTO LMC_TICKLER_TABID_PROFILE(TTIP_ID,TTIP_DATA) VALUES ('11','LMC_USER_RIGHTS_CONFIGURATION');
	INSERT INTO LMC_TICKLER_TABID_PROFILE(TTIP_ID,TTIP_DATA) VALUES ('12','LMC_EMAIL_TEMPLATE');
	INSERT INTO LMC_TICKLER_TABID_PROFILE(TTIP_ID,TTIP_DATA) VALUES ('13','LMC_EMAIL_TEMPLATE_DETAILS');
	INSERT INTO LMC_TICKLER_TABID_PROFILE(TTIP_ID,TTIP_DATA) VALUES ('14','LMC_EMPLOYEE_TEAM_DETAILS');
	INSERT INTO LMC_TICKLER_TABID_PROFILE(TTIP_ID,TTIP_DATA) VALUES ('15','LMC_TICKLER_PROFILE');
	INSERT INTO LMC_TICKLER_TABID_PROFILE(TTIP_ID,TTIP_DATA) VALUES ('16','LMC_TICKLER_HISTORY');
	INSERT INTO LMC_TICKLER_TABID_PROFILE(TTIP_ID,TTIP_DATA) VALUES ('17','LMC_TICKLER_TABID_PROFILE');
	INSERT INTO LMC_TICKLER_TABID_PROFILE(TTIP_ID,TTIP_DATA) VALUES ('18','LMC_TEAM_CREATION');
	INSERT INTO LMC_TICKLER_TABID_PROFILE(TTIP_ID,TTIP_DATA) VALUES ('19','LMC_TYPE_OF_JOB');
	INSERT INTO LMC_TICKLER_TABID_PROFILE(TTIP_ID,TTIP_DATA) VALUES ('20','LMC_TEAM_REPORT_DETAILS');
	INSERT INTO LMC_TICKLER_TABID_PROFILE(TTIP_ID,TTIP_DATA) VALUES ('21','LMC_TEAM_JOB');
	INSERT INTO LMC_TICKLER_TABID_PROFILE(TTIP_ID,TTIP_DATA) VALUES ('22','LMC_TEAM_EMPLOYEE_REPORT_DETAILS');
	INSERT INTO LMC_TICKLER_TABID_PROFILE(TTIP_ID,TTIP_DATA) VALUES ('23','LMC_SITE_VISIT_DETAILS');
	INSERT INTO LMC_TICKLER_TABID_PROFILE(TTIP_ID,TTIP_DATA) VALUES ('24','LMC_MACHINERY_EQUIPMENT_TRANSFER');
	INSERT INTO LMC_TICKLER_TABID_PROFILE(TTIP_ID,TTIP_DATA) VALUES ('25','LMC_MACHINERY_USAGE');
	INSERT INTO LMC_TICKLER_TABID_PROFILE(TTIP_ID,TTIP_DATA) VALUES ('26','LMC_FITTING_USAGE');
	INSERT INTO LMC_TICKLER_TABID_PROFILE(TTIP_ID,TTIP_DATA) VALUES ('27','LMC_MATERIAL_USAGE');
	INSERT INTO LMC_TICKLER_TABID_PROFILE(TTIP_ID,TTIP_DATA) VALUES ('28','LMC_MACHINERY_USAGE_DETAILS');
	INSERT INTO LMC_TICKLER_TABID_PROFILE(TTIP_ID,TTIP_DATA) VALUES ('29','LMC_FITTING_USAGE_DETAILS');
	INSERT INTO LMC_TICKLER_TABID_PROFILE(TTIP_ID,TTIP_DATA) VALUES ('30','LMC_MATERIAL_USAGE_DETAILS');
	INSERT INTO LMC_TICKLER_TABID_PROFILE(TTIP_ID,TTIP_DATA) VALUES ('31','LMC_RENTAL_MACHINERY_DETAILS');
	INSERT INTO LMC_TICKLER_TABID_PROFILE(TTIP_ID,TTIP_DATA) VALUES ('32','LMC_EQUIPMENT_USAGE_DETAILS');
	INSERT INTO LMC_TICKLER_TABID_PROFILE(TTIP_ID,TTIP_DATA) VALUES ('33','LMC_ACCIDENT_REPORT_DETAILS');
	INSERT INTO LMC_TICKLER_TABID_PROFILE(TTIP_ID,TTIP_DATA) VALUES ('34','LMC_MEETING_TOPIC');
	INSERT INTO LMC_TICKLER_TABID_PROFILE(TTIP_ID,TTIP_DATA) VALUES ('35','LMC_MEETING_DETAILS');
	INSERT INTO LMC_TICKLER_TABID_PROFILE(TTIP_ID,TTIP_DATA) VALUES ('36','LMC_REPORT_DOCUMENT_CATEGORY');
	INSERT INTO LMC_TICKLER_TABID_PROFILE(TTIP_ID,TTIP_DATA) VALUES ('37','LMC_REPORT_ATTACHMENT_DETAILS');
	INSERT INTO LMC_TICKLER_TABID_PROFILE(TTIP_ID,TTIP_DATA) VALUES ('38','LMC_MACHINERY_ITEM');
	INSERT INTO LMC_TICKLER_TABID_PROFILE(TTIP_ID,TTIP_DATA) VALUES ('39','LMC_CONTRACT_DETAILS');

-- LMC_TEAM_CREATION
	TRUNCATE LMC_TEAM_CREATION;
	INSERT INTO LMC_TEAM_CREATION(TC_ID,TEAM_NAME,ULD_ID) VALUES ('1','TEAM-1','1');

-- LMC_WORKER_DESIGNATION
	TRUNCATE LMC_WORKER_DESIGNATION;
	INSERT INTO LMC_WORKER_DESIGNATION(WD_ID,WD_DESIGNATION) VALUES ('1','TEAM LEADER');
	INSERT INTO LMC_WORKER_DESIGNATION(WD_ID,WD_DESIGNATION) VALUES ('2','TEAM MEMBER');

-- LMC_EMPLOYEE_TEAM_DETAILS
	TRUNCATE LMC_EMPLOYEE_TEAM_DETAILS;
	INSERT INTO LMC_EMPLOYEE_TEAM_DETAILS(ETD_ID,ULD_ID,TC_ID,WD_ID,ETD_USERSTAMP_ID) VALUES ('1','1','1','1','1');

-- LMC_TYPE_OF_JOB
	TRUNCATE LMC_TYPE_OF_JOB;
	INSERT INTO LMC_TYPE_OF_JOB(TOJ_ID,TOJ_JOB,ULD_ID) VALUES ('1','LAYING','1');
	INSERT INTO LMC_TYPE_OF_JOB(TOJ_ID,TOJ_JOB,ULD_ID) VALUES ('2','RD CROSSING','1');
	INSERT INTO LMC_TYPE_OF_JOB(TOJ_ID,TOJ_JOB,ULD_ID) VALUES ('3','DRAIN CROSSING','1');
	INSERT INTO LMC_TYPE_OF_JOB(TOJ_ID,TOJ_JOB,ULD_ID) VALUES ('4','BULK EXCAVATION','1');
	INSERT INTO LMC_TYPE_OF_JOB(TOJ_ID,TOJ_JOB,ULD_ID) VALUES ('5','CONNECTION','1');
	INSERT INTO LMC_TYPE_OF_JOB(TOJ_ID,TOJ_JOB,ULD_ID) VALUES ('6','REINSTATEMENT','1');

-- LMC_MEETING_TOPIC
	TRUNCATE LMC_MEETING_TOPIC;
	INSERT INTO LMC_MEETING_TOPIC(MT_ID,MT_TOPIC,ULD_ID) VALUES ('1','SAFETY TALK','1');
	INSERT INTO LMC_MEETING_TOPIC(MT_ID,MT_TOPIC,ULD_ID) VALUES ('2','INVENTORY BRIEFING','1');

-- LMC_REPORT_DOCUMENT_CATEGORY
	TRUNCATE LMC_REPORT_DOCUMENT_CATEGORY;
	INSERT INTO LMC_REPORT_DOCUMENT_CATEGORY(RDC_ID,RDC_CATEGORY,ULD_ID) VALUES ('1','FORMS','1');
	INSERT INTO LMC_REPORT_DOCUMENT_CATEGORY(RDC_ID,RDC_CATEGORY,ULD_ID) VALUES ('2','TRAINING RECORDS','1');
	INSERT INTO LMC_REPORT_DOCUMENT_CATEGORY(RDC_ID,RDC_CATEGORY,ULD_ID) VALUES ('3','CERTIFICATES','1');
	INSERT INTO LMC_REPORT_DOCUMENT_CATEGORY(RDC_ID,RDC_CATEGORY,ULD_ID) VALUES ('4','PROPOSED PLANS','1');

-- LMC_MACHINERY_USAGE
	TRUNCATE LMC_MACHINERY_USAGE;
	INSERT INTO LMC_MACHINERY_USAGE(MCU_ID,MCU_MACHINERY_TYPE,ULD_ID) VALUES ('1','TEAM LORRY','1');
	INSERT INTO LMC_MACHINERY_USAGE(MCU_ID,MCU_MACHINERY_TYPE,ULD_ID) VALUES ('2','YK 2059','1');
	INSERT INTO LMC_MACHINERY_USAGE(MCU_ID,MCU_MACHINERY_TYPE,ULD_ID) VALUES ('3','MINI EXCAVATOR','1');
	INSERT INTO LMC_MACHINERY_USAGE(MCU_ID,MCU_MACHINERY_TYPE,ULD_ID) VALUES ('4','HYNDAI 145','1');
	INSERT INTO LMC_MACHINERY_USAGE(MCU_ID,MCU_MACHINERY_TYPE,ULD_ID) VALUES ('5','KOMATSU 138','1');
	INSERT INTO LMC_MACHINERY_USAGE(MCU_ID,MCU_MACHINERY_TYPE,ULD_ID) VALUES ('6','AIR COMPRESSOR 125','1');
	INSERT INTO LMC_MACHINERY_USAGE(MCU_ID,MCU_MACHINERY_TYPE,ULD_ID) VALUES ('7','BOB CAT','1');

-- LMC_FITTING_USAGE
	TRUNCATE LMC_FITTING_USAGE;
	INSERT INTO LMC_FITTING_USAGE(FU_ID,FU_ITEMS,ULD_ID) VALUES ('1','COUPLER','1');
	INSERT INTO LMC_FITTING_USAGE(FU_ID,FU_ITEMS,ULD_ID) VALUES ('2','ELBOW (22/45/90)','1');
	INSERT INTO LMC_FITTING_USAGE(FU_ID,FU_ITEMS,ULD_ID) VALUES ('3','STUD FLANGE','1');
	INSERT INTO LMC_FITTING_USAGE(FU_ID,FU_ITEMS,ULD_ID) VALUES ('4','REDUCER','1');
	INSERT INTO LMC_FITTING_USAGE(FU_ID,FU_ITEMS,ULD_ID) VALUES ('5','END CAP','1');
	INSERT INTO LMC_FITTING_USAGE(FU_ID,FU_ITEMS,ULD_ID) VALUES ('6','PE END VALUE','1');
	INSERT INTO LMC_FITTING_USAGE(FU_ID,FU_ITEMS,ULD_ID) VALUES ('7','TAPPING TEE','1');
	INSERT INTO LMC_FITTING_USAGE(FU_ID,FU_ITEMS,ULD_ID) VALUES ('8','ELECTRIC BALL MARKER','1');
	INSERT INTO LMC_FITTING_USAGE(FU_ID,FU_ITEMS,ULD_ID) VALUES ('9','PVC WARNING SLAB','1');
	INSERT INTO LMC_FITTING_USAGE(FU_ID,FU_ITEMS,ULD_ID) VALUES ('10','SIPGOT','1');
	INSERT INTO LMC_FITTING_USAGE(FU_ID,FU_ITEMS,ULD_ID) VALUES ('11','SOCKET','1');
	INSERT INTO LMC_FITTING_USAGE(FU_ID,FU_ITEMS,ULD_ID) VALUES ('12','COLLAR','1');
	INSERT INTO LMC_FITTING_USAGE(FU_ID,FU_ITEMS,ULD_ID) VALUES ('13','C/COLLAR','1');
	INSERT INTO LMC_FITTING_USAGE(FU_ID,FU_ITEMS,ULD_ID) VALUES ('14','DI CAP','1');
	INSERT INTO LMC_FITTING_USAGE(FU_ID,FU_ITEMS,ULD_ID) VALUES ('15','DI TEE','1');

-- LMC_MATERIAL_USAGE
	TRUNCATE LMC_MATERIAL_USAGE;
	INSERT INTO LMC_MATERIAL_USAGE(MU_ID,MU_ITEMS,ULD_ID) VALUES ('1','PREMIX','1');
	INSERT INTO LMC_MATERIAL_USAGE(MU_ID,MU_ITEMS,ULD_ID) VALUES ('2','Q/DUST','1');
	INSERT INTO LMC_MATERIAL_USAGE(MU_ID,MU_ITEMS,ULD_ID) VALUES ('3','G-STONE','1');
	INSERT INTO LMC_MATERIAL_USAGE(MU_ID,MU_ITEMS,ULD_ID) VALUES ('4','CONCRETE SAND','1');
	INSERT INTO LMC_MATERIAL_USAGE(MU_ID,MU_ITEMS,ULD_ID) VALUES ('5','CEMENT','1');
	INSERT INTO LMC_MATERIAL_USAGE(MU_ID,MU_ITEMS,ULD_ID) VALUES ('6','TOP-SOIL','1');
	INSERT INTO LMC_MATERIAL_USAGE(MU_ID,MU_ITEMS,ULD_ID) VALUES ('7','TURF (GRASS)','1');
	INSERT INTO LMC_MATERIAL_USAGE(MU_ID,MU_ITEMS,ULD_ID) VALUES ('8','MANHOLE (R/T)','1');
	INSERT INTO LMC_MATERIAL_USAGE(MU_ID,MU_ITEMS,ULD_ID) VALUES ('9','CHAMBER (R/T)','1');
	INSERT INTO LMC_MATERIAL_USAGE(MU_ID,MU_ITEMS,ULD_ID) VALUES ('10','DIESEL','1');

-- LMC_MACHINERY_ITEM
	TRUNCATE LMC_MACHINERY_ITEM;
	INSERT INTO LMC_MACHINERY_ITEM(MI_ID,MI_ITEM,ULD_ID) VALUES ('1','ROAD CUTTER','1');
	INSERT INTO LMC_MACHINERY_ITEM(MI_ID,MI_ITEM,ULD_ID) VALUES ('2','RAMMER','1');
	INSERT INTO LMC_MACHINERY_ITEM(MI_ID,MI_ITEM,ULD_ID) VALUES ('3','COMPACTOR','1');
	INSERT INTO LMC_MACHINERY_ITEM(MI_ID,MI_ITEM,ULD_ID) VALUES ('4','GENARATOR','1');
	INSERT INTO LMC_MACHINERY_ITEM(MI_ID,MI_ITEM,ULD_ID) VALUES ('5','BUTT FUSION MACHINE','1');
	INSERT INTO LMC_MACHINERY_ITEM(MI_ID,MI_ITEM,ULD_ID) VALUES ('6','ELECTRO FUSION MACHINE','1');
	
	SET SUCCESS_MESSAGE = 1;
	
	SET FOREIGN_KEY_CHECKS = 1;

	COMMIT;

END;

CALL SP_LMC_INITAILIZATION_TABLE_INSERTION(@SUCCESS_MESSAGE);
SELECT @SUCCESS_MESSAGE;

DROP PROCEDURE IF EXISTS SP_LMC_INITAILIZATION_TABLE_INSERTION;